date,mean,max
2018-06-06T00:00:00+0000,48.5,48.5
2018-06-07T00:00:00+0000,48.375,48.375
2018-06-08T00:00:00+0000,47.8775,47.8775
2018-06-11T00:00:00+0000,47.79,47.79
2018-06-12T00:00:00+0000,48.08,48.08
2018-06-13T00:00:00+0000,47.66625,47.66625
2018-06-14T00:00:00+0000,47.7125,47.7125
2018-06-15T00:00:00+0000,47.2675,47.2675
2018-06-18T00:00:00+0000,47.185,47.185
2018-06-19T00:00:00+0000,46.4375,46.4375
2018-06-20T00:00:00+0000,46.6275,46.6275
2018-06-21T00:00:00+0000,46.34875,46.34875
2018-06-22T00:00:00+0000,46.25375,46.25375
2018-06-25T00:00:00+0000,45.56,45.56
2018-06-26T00:00:00+0000,46.0825,46.0825
2018-06-27T00:00:00+0000,46.065,46.065
2018-06-28T00:00:00+0000,46.4025,46.4025
2018-06-29T00:00:00+0000,46.3375,46.3375
2018-07-02T00:00:00+0000,46.795,46.795
2018-07-03T00:00:00+0000,45.91,45.91
2018-07-05T00:00:00+0000,46.35,46.35
2018-07-06T00:00:00+0000,46.9925,46.9925
2018-07-09T00:00:00+0000,47.645,47.645
2018-07-10T00:00:00+0000,47.5875,47.5875
2018-07-11T00:00:00+0000,46.9825,46.9825
2018-07-12T00:00:00+0000,47.76625,47.76625
2018-07-13T00:00:00+0000,47.8325,47.8325
2018-07-16T00:00:00+0000,47.7275,47.7275
2018-07-17T00:00:00+0000,47.8675,47.8675
2018-07-18T00:00:00+0000,47.6,47.6
2018-07-19T00:00:00+0000,47.9925,47.9925
2018-07-20T00:00:00+0000,47.86,47.86
2018-07-23T00:00:00+0000,47.9025,47.9025
2018-07-24T00:00:00+0000,48.25,48.25
2018-07-25T00:00:00+0000,48.435,48.435
2018-07-26T00:00:00+0000,48.5525,48.5525
2018-07-27T00:00:00+0000,47.745,47.745
2018-07-30T00:00:00+0000,47.43,47.43
2018-07-31T00:00:00+0000,47.5725,47.5725
2018-08-01T00:00:00+0000,50.405,50.405
2018-08-02T00:00:00+0000,51.8475,51.8475
2018-08-03T00:00:00+0000,51.99,51.99
2018-08-06T00:00:00+0000,52.265,52.265
2018-08-07T00:00:00+0000,51.7825,51.7825
2018-08-08T00:00:00+0000,51.8125,51.8125
2018-08-09T00:00:00+0000,52.22,52.22
2018-08-10T00:00:00+0000,51.8825,51.8825
2018-08-13T00:00:00+0000,52.2175,52.2175
2018-08-14T00:00:00+0000,52.4375,52.4375
2018-08-15T00:00:00+0000,52.56,52.56
2018-08-16T00:00:00+0000,53.325,53.325
2018-08-17T00:00:00+0000,54.395,54.395
2018-08-20T00:00:00+0000,53.865,53.865
2018-08-21T00:00:00+0000,53.765,53.765
2018-08-22T00:00:00+0000,53.7625,53.7625
2018-08-23T00:00:00+0000,53.8725,53.8725
2018-08-24T00:00:00+0000,54.02375,54.02375
2018-08-27T00:00:00+0000,54.485,54.485
2018-08-28T00:00:00+0000,54.925,54.925
2018-08-29T00:00:00+0000,55.5225,55.5225
2018-08-30T00:00:00+0000,56.2575,56.2575
2018-08-31T00:00:00+0000,56.9075,56.9075
2018-09-04T00:00:00+0000,57.09,57.09
2018-09-05T00:00:00+0000,56.7175,56.7175
2018-09-06T00:00:00+0000,55.775,55.775
2018-09-07T00:00:00+0000,55.325,55.325
2018-09-10T00:00:00+0000,54.5825,54.5825
2018-09-11T00:00:00+0000,55.9625,55.9625
2018-09-12T00:00:00+0000,55.265,55.265
2018-09-13T00:00:00+0000,56.6025,56.6025
2018-09-14T00:00:00+0000,55.96,55.96
2018-09-17T00:00:00+0000,54.47,54.47
2018-09-18T00:00:00+0000,54.56,54.56
2018-09-19T00:00:00+0000,54.5925,54.5925
2018-09-20T00:00:00+0000,55.0075,55.0075
2018-09-21T00:00:00+0000,54.415,54.415
2018-09-24T00:00:00+0000,55.1975,55.1975
2018-09-25T00:00:00+0000,55.5475,55.5475
2018-09-26T00:00:00+0000,55.105,55.105
2018-09-27T00:00:00+0000,56.2375,56.2375
2018-09-28T00:00:00+0000,56.435,56.435
2018-10-01T00:00:00+0000,56.815,56.815
2018-10-02T00:00:00+0000,57.32,57.32
2018-10-03T00:00:00+0000,58.025,58.025
2018-10-04T00:00:00+0000,56.9975,56.9975
2018-10-05T00:00:00+0000,55.9775,55.9775
2018-10-08T00:00:00+0000,55.94,55.94
2018-10-09T00:00:00+0000,56.7275,56.7275
2018-10-10T00:00:00+0000,54.09,54.09
2018-10-11T00:00:00+0000,53.6125,53.6125
2018-10-12T00:00:00+0000,55.5275,55.5275
2018-10-15T00:00:00+0000,54.34,54.34
2018-10-16T00:00:00+0000,55.5375,55.5375
2018-10-17T00:00:00+0000,55.3,55.3
2018-10-18T00:00:00+0000,54.0725,54.0725
2018-10-19T00:00:00+0000,54.8275,54.8275
2018-10-22T00:00:00+0000,55.1475,55.1475
2018-10-23T00:00:00+0000,55.6825,55.6825
2018-10-24T00:00:00+0000,53.7725,53.7725
2018-10-25T00:00:00+0000,54.95,54.95
2018-10-26T00:00:00+0000,54.075,54.075
2018-10-29T00:00:00+0000,53.06,53.06
2018-10-30T00:00:00+0000,53.325,53.325
2018-10-31T00:00:00+0000,54.715,54.715
2018-11-01T00:00:00+0000,55.555,55.555
2018-11-02T00:00:00+0000,51.87,51.87
2018-11-05T00:00:00+0000,50.19625,50.19625
2018-11-06T00:00:00+0000,50.3975,50.3975
2018-11-07T00:00:00+0000,51.8725,51.8725
2018-11-08T00:00:00+0000,52.0175,52.0175
2018-11-09T00:00:00+0000,52.1225,52.1225
2018-11-12T00:00:00+0000,48.93625,48.93625
2018-11-13T00:00:00+0000,48.88625,48.88625
2018-11-14T00:00:00+0000,46.7475,46.7475
2018-11-15T00:00:00+0000,47.78875,47.78875
2018-11-16T00:00:00+0000,48.15875,48.15875
2018-11-19T00:00:00+0000,46.5075,46.5075
2018-11-20T00:00:00+0000,44.48875,44.48875
2018-11-21T00:00:00+0000,44.59125,44.59125
2018-11-23T00:00:00+0000,44.19,44.19
2018-11-26T00:00:00+0000,43.21875,43.21875
2018-11-27T00:00:00+0000,43.655,43.655
2018-11-28T00:00:00+0000,44.91,44.91
2018-11-29T00:00:00+0000,44.66125,44.66125
2018-11-30T00:00:00+0000,44.8875,44.8875
2018-12-03T00:00:00+0000,45.61125,45.61125
2018-12-04T00:00:00+0000,44.4,44.4
2018-12-06T00:00:00+0000,44.1725,44.1725
2018-12-07T00:00:00+0000,43.68,43.68
2018-12-10T00:00:00+0000,42.2575,42.2575
2018-12-11T00:00:00+0000,41.9,41.9
2018-12-12T00:00:00+0000,42.8425,42.8425
2018-12-13T00:00:00+0000,42.665,42.665
2018-12-14T00:00:00+0000,41.69625,41.69625
2018-12-17T00:00:00+0000,41.19375,41.19375
2018-12-18T00:00:00+0000,41.00375,41.00375
2018-12-19T00:00:00+0000,41.6225,41.6225
2018-12-20T00:00:00+0000,40.2175,40.2175
2018-12-21T00:00:00+0000,38.20625,38.20625
2018-12-24T00:00:00+0000,36.7925,36.7925
2018-12-26T00:00:00+0000,36.7925,36.7925
2018-12-27T00:00:00+0000,37.61,37.61
2018-12-28T00:00:00+0000,38.94,38.94
2018-12-31T00:00:00+0000,39.39125,39.39125
2019-01-02T00:00:00+0000,39.435,39.435
2019-01-03T00:00:00+0000,35.74125,35.74125
2019-01-04T00:00:00+0000,36.96375,36.96375
2019-01-07T00:00:00+0000,36.7125,36.7125
2019-01-08T00:00:00+0000,37.825,37.825
2019-01-09T00:00:00+0000,38.47375,38.47375
2019-01-10T00:00:00+0000,38.13375,38.13375
2019-01-11T00:00:00+0000,37.91375,37.91375
2019-01-14T00:00:00+0000,37.5125,37.5125
2019-01-15T00:00:00+0000,38.2675,38.2675
2019-01-16T00:00:00+0000,38.8175,38.8175
2019-01-17T00:00:00+0000,38.72,38.72
2019-01-18T00:00:00+0000,39.3575,39.3575
2019-01-22T00:00:00+0000,39.205,39.205
2019-01-23T00:00:00+0000,38.31375,38.31375
2019-01-24T00:00:00+0000,38.49125,38.49125
2019-01-25T00:00:00+0000,39.4025,39.4025
2019-01-28T00:00:00+0000,38.9775,38.9775
2019-01-29T00:00:00+0000,39.08375,39.08375
2019-01-30T00:00:00+0000,40.76,40.76
2019-01-31T00:00:00+0000,41.86125,41.86125
2019-02-01T00:00:00+0000,41.7575,41.7575
2019-02-04T00:00:00+0000,42.7875,42.7875
2019-02-05T00:00:00+0000,43.44375,43.44375
2019-02-06T00:00:00+0000,43.54875,43.54875
2019-02-07T00:00:00+0000,42.87625,42.87625
2019-02-08T00:00:00+0000,42.41625,42.41625
2019-02-11T00:00:00+0000,42.44375,42.44375
2019-02-12T00:00:00+0000,42.475,42.475
2019-02-13T00:00:00+0000,42.70625,42.70625
2019-02-14T00:00:00+0000,42.7175,42.7175
2019-02-15T00:00:00+0000,42.69875,42.69875
2019-02-19T00:00:00+0000,42.6025,42.6025
2019-02-20T00:00:00+0000,42.7125,42.7125
2019-02-21T00:00:00+0000,43.0075,43.0075
2019-02-22T00:00:00+0000,42.7525,42.7525
2019-02-25T00:00:00+0000,43.6175,43.6175
2019-02-26T00:00:00+0000,43.5575,43.5575
2019-02-27T00:00:00+0000,43.60375,43.60375
2019-02-28T00:00:00+0000,43.7075,43.7075
2019-03-01T00:00:00+0000,43.63,43.63
2019-03-04T00:00:00+0000,44.16875,44.16875
2019-03-05T00:00:00+0000,43.84375,43.84375
2019-03-06T00:00:00+0000,43.6875,43.6875
2019-03-07T00:00:00+0000,43.63625,43.63625
2019-03-08T00:00:00+0000,43.1375,43.1375
2019-03-11T00:00:00+0000,44.70875,44.70875
2019-03-12T00:00:00+0000,45.2325,45.2325
2019-03-13T00:00:00+0000,45.41,45.41
2019-03-14T00:00:00+0000,45.9675,45.9675
2019-03-15T00:00:00+0000,46.54875,46.54875
2019-03-18T00:00:00+0000,47.0075,47.0075
2019-03-19T00:00:00+0000,46.8225,46.8225
2019-03-20T00:00:00+0000,47.0575,47.0575
2019-03-21T00:00:00+0000,48.825,48.825
2019-03-22T00:00:00+0000,47.7425,47.7425
2019-03-25T00:00:00+0000,47.165,47.165
2019-03-26T00:00:00+0000,46.68,46.68
2019-03-27T00:00:00+0000,47.1225,47.1225
2019-03-28T00:00:00+0000,47.1625,47.1625
2019-03-29T00:00:00+0000,47.485,47.485
2019-04-01T00:00:00+0000,47.815,47.815
2019-04-02T00:00:00+0000,48.515,48.515
2019-04-03T00:00:00+0000,48.845,48.845
2019-04-04T00:00:00+0000,48.97125,48.97125
2019-04-05T00:00:00+0000,49.17875,49.17875
2019-04-08T00:00:00+0000,49.7925,49.7925
2019-04-09T00:00:00+0000,49.9075,49.9075
2019-04-10T00:00:00+0000,50.17,50.17
2019-04-11T00:00:00+0000,49.79875,49.79875
2019-04-12T00:00:00+0000,49.7,49.7
2019-04-15T00:00:00+0000,49.78,49.78
2019-04-16T00:00:00+0000,49.8125,49.8125
2019-04-17T00:00:00+0000,50.78375,50.78375
2019-04-18T00:00:00+0000,50.975,50.975
2019-04-22T00:00:00+0000,51.07,51.07
2019-04-23T00:00:00+0000,51.88125,51.88125
2019-04-24T00:00:00+0000,51.9475,51.9475
2019-04-25T00:00:00+0000,51.5375,51.5375
2019-04-26T00:00:00+0000,50.8925,50.8925
2019-04-29T00:00:00+0000,51.2875,51.2875
2019-04-30T00:00:00+0000,50.21875,50.21875
2019-05-01T00:00:00+0000,52.64,52.64
2019-05-02T00:00:00+0000,52.35125,52.35125
2019-05-03T00:00:00+0000,52.85375,52.85375
2019-05-06T00:00:00+0000,52.18,52.18
2019-05-07T00:00:00+0000,50.52,50.52
2019-05-08T00:00:00+0000,51.09375,51.09375
2019-05-09T00:00:00+0000,49.9175,49.9175
2019-05-10T00:00:00+0000,49.3,49.3
2019-05-13T00:00:00+0000,46.44125,46.44125
2019-05-14T00:00:00+0000,47.16,47.16
2019-05-15T00:00:00+0000,47.755,47.755
2019-05-16T00:00:00+0000,47.53625,47.53625
2019-05-17T00:00:00+0000,47.2525,47.2525
2019-05-20T00:00:00+0000,45.7675,45.7675
2019-05-21T00:00:00+0000,46.63875,46.63875
2019-05-22T00:00:00+0000,45.68875,45.68875
2019-05-23T00:00:00+0000,44.9225,44.9225
2019-05-24T00:00:00+0000,44.765,44.765
2019-05-28T00:00:00+0000,44.57,44.57
2019-05-29T00:00:00+0000,44.3875,44.3875
2019-05-30T00:00:00+0000,44.565,44.565
2019-05-31T00:00:00+0000,43.7575,43.7575
2019-06-03T00:00:00+0000,43.3,43.3
2019-06-04T00:00:00+0000,44.91875,44.91875
2019-06-05T00:00:00+0000,45.6275,45.6275
2019-06-06T00:00:00+0000,45.8475,45.8475
2019-06-07T00:00:00+0000,47.535,47.535
2019-06-10T00:00:00+0000,48.14875,48.14875
2019-06-11T00:00:00+0000,48.7,48.7
2019-06-12T00:00:00+0000,48.60125,48.60125
2019-06-13T00:00:00+0000,48.7325,48.7325
2019-06-14T00:00:00+0000,48.0775,48.0775
2019-06-17T00:00:00+0000,48.485,48.485
2019-06-18T00:00:00+0000,49.625,49.625
2019-06-19T00:00:00+0000,49.455,49.455
2019-06-20T00:00:00+0000,49.785,49.785
2019-06-21T00:00:00+0000,49.9725,49.9725
2019-06-24T00:00:00+0000,49.63875,49.63875
2019-06-25T00:00:00+0000,48.91,48.91
2019-06-26T00:00:00+0000,49.9475,49.9475
2019-06-27T00:00:00+0000,49.9325,49.9325
2019-06-28T00:00:00+0000,49.5125,49.5125
2019-07-01T00:00:00+0000,50.37125,50.37125
2019-07-02T00:00:00+0000,50.6725,50.6725
2019-07-03T00:00:00+0000,51.0925,51.0925
2019-07-05T00:00:00+0000,51.05875,51.05875
2019-07-08T00:00:00+0000,49.9975,49.9975
2019-07-09T00:00:00+0000,50.3075,50.3075
2019-07-10T00:00:00+0000,50.795,50.795
2019-07-11T00:00:00+0000,50.99,50.99
2019-07-12T00:00:00+0000,50.81,50.81
2019-07-15T00:00:00+0000,51.27,51.27
2019-07-16T00:00:00+0000,51.0725,51.0725
2019-07-17T00:00:00+0000,50.8375,50.8375
2019-07-18T00:00:00+0000,51.4075,51.4075
2019-07-19T00:00:00+0000,50.64375,50.64375
2019-07-22T00:00:00+0000,51.565,51.565
2019-07-23T00:00:00+0000,52.0375,52.0375
2019-07-24T00:00:00+0000,51.9775,51.9775
2019-07-25T00:00:00+0000,51.7525,51.7525
2019-07-26T00:00:00+0000,51.9625,51.9625
2019-07-29T00:00:00+0000,52.44125,52.44125
2019-07-30T00:00:00+0000,52.23,52.23
2019-07-31T00:00:00+0000,53.27,53.27
2019-08-01T00:00:00+0000,52.095,52.095
2019-08-02T00:00:00+0000,50.97,50.97
2019-08-05T00:00:00+0000,48.29125,48.29125
2019-08-06T00:00:00+0000,49.2375,49.2375
2019-08-07T00:00:00+0000,49.7675,49.7675
2019-08-08T00:00:00+0000,50.5375,50.5375
2019-08-09T00:00:00+0000,50.25,50.25
2019-08-12T00:00:00+0000,50.145,50.145
2019-08-13T00:00:00+0000,52.29,52.29
2019-08-14T00:00:00+0000,50.6925,50.6925
2019-08-15T00:00:00+0000,50.54375,50.54375
2019-08-16T00:00:00+0000,51.5875,51.5875
2019-08-19T00:00:00+0000,52.55125,52.55125
2019-08-20T00:00:00+0000,52.63125,52.63125
2019-08-21T00:00:00+0000,53.15125,53.15125
2019-08-22T00:00:00+0000,53.195,53.195
2019-08-23T00:00:00+0000,50.66375,50.66375
2019-08-26T00:00:00+0000,51.6425,51.6425
2019-08-27T00:00:00+0000,51.03625,51.03625
2019-08-28T00:00:00+0000,51.39,51.39
2019-08-29T00:00:00+0000,52.2725,52.2725
2019-08-30T00:00:00+0000,52.17625,52.17625
2019-09-03T00:00:00+0000,51.4275,51.4275
2019-09-04T00:00:00+0000,52.275,52.275
2019-09-05T00:00:00+0000,53.2925,53.2925
2019-09-06T00:00:00+0000,53.2775,53.2775
2019-09-09T00:00:00+0000,53.56,53.56
2019-09-10T00:00:00+0000,54.18375,54.18375
2019-09-11T00:00:00+0000,55.8975,55.8975
2019-09-12T00:00:00+0000,56.2775,56.2775
2019-09-13T00:00:00+0000,54.64,54.64
2019-09-16T00:00:00+0000,54.9675,54.9675
2019-09-17T00:00:00+0000,55.155,55.155
2019-09-18T00:00:00+0000,55.6825,55.6825
2019-09-19T00:00:00+0000,55.23625,55.23625
2019-09-20T00:00:00+0000,54.42125,54.42125
2019-09-23T00:00:00+0000,54.675,54.675
2019-09-24T00:00:00+0000,54.5,54.5
2019-09-25T00:00:00+0000,55.2675,55.2675
2019-09-26T00:00:00+0000,54.9,54.9
2019-09-27T00:00:00+0000,54.715,54.715
2019-09-30T00:00:00+0000,56.015,56.015
2019-10-01T00:00:00+0000,56.115,56.115
2019-10-02T00:00:00+0000,54.8025,54.8025
2019-10-03T00:00:00+0000,55.1575,55.1575
2019-10-04T00:00:00+0000,56.70875,56.70875
2019-10-07T00:00:00+0000,57.1875,57.1875
2019-10-08T00:00:00+0000,56.525,56.525
2019-10-09T00:00:00+0000,56.72,56.72
2019-10-10T00:00:00+0000,57.515,57.515
2019-10-11T00:00:00+0000,59.13625,59.13625
2019-10-14T00:00:00+0000,59.17,59.17
2019-10-15T00:00:00+0000,58.9525,58.9525
2019-10-16T00:00:00+0000,58.6025,58.6025
2019-10-17T00:00:00+0000,58.8425,58.8425
2019-10-18T00:00:00+0000,59.1025,59.1025
2019-10-21T00:00:00+0000,60.125,60.125
2019-10-22T00:00:00+0000,60.0275,60.0275
2019-10-23T00:00:00+0000,60.6625,60.6625
2019-10-24T00:00:00+0000,60.74875,60.74875
2019-10-25T00:00:00+0000,61.64,61.64
2019-10-28T00:00:00+0000,62.28,62.28
2019-10-29T00:00:00+0000,60.92,60.92
2019-10-30T00:00:00+0000,60.855,60.855
2019-10-31T00:00:00+0000,62.23,62.23
2019-11-01T00:00:00+0000,63.31,63.31
2019-11-04T00:00:00+0000,64.2375,64.2375
2019-11-05T00:00:00+0000,64.375,64.375
2019-11-06T00:00:00+0000,64.2825,64.2825
2019-11-07T00:00:00+0000,64.2875,64.2875
2019-11-08T00:00:00+0000,64.8375,64.8375
2019-11-11T00:00:00+0000,65.5675,65.5675
2019-11-12T00:00:00+0000,65.5275,65.5275
2019-11-13T00:00:00+0000,65.4975,65.4975
2019-11-14T00:00:00+0000,66.15625,66.15625
2019-11-15T00:00:00+0000,65.6925,65.6925
2019-11-18T00:00:00+0000,66.7075,66.7075
2019-11-19T00:00:00+0000,66.765,66.765
2019-11-20T00:00:00+0000,66.5825,66.5825
2019-11-21T00:00:00+0000,65.595,65.595
2019-11-22T00:00:00+0000,65.5275,65.5275
2019-11-25T00:00:00+0000,66.175,66.175
2019-11-26T00:00:00+0000,66.5825,66.5825
2019-11-27T00:00:00+0000,66.615,66.615
2019-11-29T00:00:00+0000,66.985,66.985
2019-12-02T00:00:00+0000,66.1625,66.1625
2019-12-03T00:00:00+0000,66.18,66.18
2019-12-04T00:00:00+0000,64.85,64.85
2019-12-05T00:00:00+0000,65.4575,65.4575
2019-12-06T00:00:00+0000,66.3875,66.3875
2019-12-09T00:00:00+0000,66.805,66.805
2019-12-10T00:00:00+0000,66.68,66.68
2019-12-11T00:00:00+0000,67.15,67.15
2019-12-12T00:00:00+0000,67.775,67.775
2019-12-13T00:00:00+0000,67.8,67.8
2019-12-16T00:00:00+0000,70.1075,70.1075
2019-12-17T00:00:00+0000,69.96625,69.96625
2019-12-18T00:00:00+0000,70.1125,70.1125
2019-12-19T00:00:00+0000,69.8975,69.8975
2019-12-20T00:00:00+0000,70.0075,70.0075
2019-12-23T00:00:00+0000,70.92,70.92
2019-12-24T00:00:00+0000,71.08625,71.08625
2019-12-26T00:00:00+0000,71.08625,71.08625
2019-12-27T00:00:00+0000,72.49,72.49
2019-12-30T00:00:00+0000,73.15,73.15
2019-12-31T00:00:00+0000,72.9475,72.9475
2020-01-02T00:00:00+0000,73.405,73.405
2020-01-03T00:00:00+0000,75.1125,75.1125
2020-01-06T00:00:00+0000,74.8,74.8
2020-01-07T00:00:00+0000,74.95625,74.95625
2020-01-08T00:00:00+0000,74.7525,74.7525
2020-01-09T00:00:00+0000,75.77125,75.77125
2020-01-10T00:00:00+0000,77.4,77.4
2020-01-13T00:00:00+0000,78.39,78.39
2020-01-14T00:00:00+0000,79.23,79.23
2020-01-15T00:00:00+0000,78.1675,78.1675
2020-01-16T00:00:00+0000,77.8575,77.8575
2020-01-17T00:00:00+0000,79.075,79.075
2020-01-21T00:00:00+0000,79.67,79.67
2020-01-22T00:00:00+0000,79.105,79.105
2020-01-23T00:00:00+0000,79.4625,79.4625
2020-01-24T00:00:00+0000,79.8125,79.8125
2020-01-27T00:00:00+0000,77.5325,77.5325
2020-01-28T00:00:00+0000,77.22,77.22
2020-01-29T00:00:00+0000,79.3925,79.3925
2020-01-30T00:00:00+0000,81.0675,81.0675
2020-01-31T00:00:00+0000,80.98375,80.98375
2020-02-03T00:00:00+0000,78.0975,78.0975
2020-02-04T00:00:00+0000,79.565,79.565
2020-02-05T00:00:00+0000,79.7075,79.7075
2020-02-06T00:00:00+0000,80.385,80.385
2020-02-07T00:00:00+0000,81.2975,81.2975
2020-02-10T00:00:00+0000,79.8475,79.8475
2020-02-11T00:00:00+0000,80.3725,80.3725
2020-02-12T00:00:00+0000,79.8975,79.8975
2020-02-13T00:00:00+0000,81.79,81.79
2020-02-14T00:00:00+0000,81.2275,81.2275
2020-02-18T00:00:00+0000,81.20375,81.20375
2020-02-19T00:00:00+0000,79.7075,79.7075
2020-02-20T00:00:00+0000,80.915,80.915
2020-02-21T00:00:00+0000,80.085,80.085
2020-02-24T00:00:00+0000,75.03125,75.03125
2020-02-25T00:00:00+0000,74.575,74.575
2020-02-26T00:00:00+0000,72.0425,72.0425
2020-02-27T00:00:00+0000,73.185,73.185
2020-02-28T00:00:00+0000,68.25,68.25
2020-03-02T00:00:00+0000,72.6825,72.6825
2020-03-03T00:00:00+0000,74.695,74.695
2020-03-04T00:00:00+0000,72.29,72.29
2020-03-05T00:00:00+0000,75.71,75.71
2020-03-06T00:00:00+0000,71.17375,71.17375
2020-03-09T00:00:00+0000,66.5875,66.5875
2020-03-10T00:00:00+0000,71.34125,71.34125
2020-03-11T00:00:00+0000,68.85,68.85
2020-03-12T00:00:00+0000,62.085,62.085
2020-03-13T00:00:00+0000,69.505,69.505
2020-03-16T00:00:00+0000,60.4575,60.4575
2020-03-17T00:00:00+0000,63.2,63.2
2020-03-18T00:00:00+0000,62.47,62.47
2020-03-19T00:00:00+0000,60.9725,60.9725
2020-03-20T00:00:00+0000,57.2625,57.2625
2020-03-23T00:00:00+0000,55.995,55.995
2020-03-24T00:00:00+0000,61.65,61.65
2020-03-25T00:00:00+0000,61.39,61.39
2020-03-26T00:00:00+0000,63.195,63.195
2020-03-27T00:00:00+0000,61.9525,61.9525
2020-03-30T00:00:00+0000,63.635,63.635
2020-03-31T00:00:00+0000,63.495,63.495
2020-04-01T00:00:00+0000,60.225,60.225
2020-04-02T00:00:00+0000,60.6375,60.6375
2020-04-03T00:00:00+0000,60.3575,60.3575
2020-04-06T00:00:00+0000,65.61,65.61
2020-04-07T00:00:00+0000,64.84625,64.84625
2020-04-08T00:00:00+0000,66.5125,66.5125
2020-04-09T00:00:00+0000,66.5875,66.5875
2020-04-13T00:00:00+0000,68.29375,68.29375
2020-04-14T00:00:00+0000,71.465,71.465
2020-04-15T00:00:00+0000,71.135,71.135
2020-04-16T00:00:00+0000,71.6325,71.6325
2020-04-17T00:00:00+0000,70.24,70.24
2020-04-20T00:00:00+0000,69.2225,69.2225
2020-04-21T00:00:00+0000,67.125,67.125
2020-04-22T00:00:00+0000,69.0375,69.0375
2020-04-23T00:00:00+0000,68.76,68.76
2020-04-24T00:00:00+0000,69.735,69.735
2020-04-27T00:00:00+0000,70.70625,70.70625
2020-04-28T00:00:00+0000,69.70375,69.70375
2020-04-29T00:00:00+0000,71.77375,71.77375
2020-04-30T00:00:00+0000,73.3475,73.3475
2020-05-01T00:00:00+0000,72.285,72.285
2020-05-04T00:00:00+0000,73.385,73.385
2020-05-05T00:00:00+0000,74.3925,74.3925
2020-05-06T00:00:00+0000,75.1525,75.1525
2020-05-07T00:00:00+0000,75.93125,75.93125
2020-05-08T00:00:00+0000,77.515,77.515
2020-05-11T00:00:00+0000,78.765,78.765
2020-05-12T00:00:00+0000,77.8375,77.8375
2020-05-13T00:00:00+0000,76.8425,76.8425
2020-05-14T00:00:00+0000,77.4375,77.4375
2020-05-15T00:00:00+0000,76.955,76.955
2020-05-18T00:00:00+0000,78.485,78.485
2020-05-19T00:00:00+0000,79.4425,79.4425
2020-05-20T00:00:00+0000,79.7875,79.7875
2020-05-21T00:00:00+0000,79.2425,79.2425
2020-05-22T00:00:00+0000,79.325,79.325
2020-05-26T00:00:00+0000,79.215,79.215
2020-05-27T00:00:00+0000,79.535,79.535
2020-05-28T00:00:00+0000,80.6175,80.6175
2020-05-29T00:00:00+0000,79.7475,79.7475
2020-06-01T00:00:00+0000,80.44375,80.44375
2020-06-02T00:00:00+0000,80.4625,80.4625
2020-06-03T00:00:00+0000,81.2575,81.2575
2020-06-04T00:00:00+0000,81.28,81.28
2020-06-05T00:00:00+0000,80.58,80.58
2020-06-08T00:00:00+0000,82.875,82.875
2020-06-09T00:00:00+0000,83.365,83.365
2020-06-10T00:00:00+0000,83.365,83.365
2020-06-11T00:00:00+0000,85.58125,85.58125
2020-06-12T00:00:00+0000,84.905,84.905
2020-06-15T00:00:00+0000,84.7,84.7
2020-06-16T00:00:00+0000,85.7475,85.7475
2020-06-17T00:00:00+0000,88.02,88.02
2020-06-18T00:00:00+0000,87.8975,87.8975
2020-06-19T00:00:00+0000,87.9325,87.9325
2020-06-22T00:00:00+0000,87.43,87.43
2020-06-23T00:00:00+0000,89.7175,89.7175
2020-06-24T00:00:00+0000,91.6325,91.6325
2020-06-25T00:00:00+0000,90.015,90.015
2020-06-26T00:00:00+0000,91.21,91.21
2020-06-29T00:00:00+0000,88.4075,88.4075
2020-06-30T00:00:00+0000,90.445,90.445
2020-07-01T00:00:00+0000,91.2,91.2
2020-07-02T00:00:00+0000,91.0275,91.0275
2020-07-06T00:00:00+0000,91.0275,91.0275
2020-07-07T00:00:00+0000,93.4625,93.4625
2020-07-08T00:00:00+0000,93.1725,93.1725
2020-07-09T00:00:00+0000,95.3425,95.3425
2020-07-10T00:00:00+0000,95.6825,95.6825
2020-07-13T00:00:00+0000,95.92,95.92
2020-07-14T00:00:00+0000,95.4775,95.4775
2020-07-15T00:00:00+0000,97.0575,97.0575
2020-07-16T00:00:00+0000,97.725,97.725
2020-07-17T00:00:00+0000,96.5225,96.5225
2020-07-20T00:00:00+0000,96.3275,96.3275
2020-07-21T00:00:00+0000,98.3575,98.3575
2020-07-22T00:00:00+0000,97.0,97.0
2020-07-23T00:00:00+0000,97.2725,97.2725
2020-07-24T00:00:00+0000,92.845,92.845
2020-07-27T00:00:00+0000,92.615,92.615
2020-07-28T00:00:00+0000,94.81,94.81
2020-07-29T00:00:00+0000,93.2525,93.2525
2020-07-30T00:00:00+0000,95.04,95.04
2020-07-31T00:00:00+0000,96.19,96.19
2020-08-03T00:00:00+0000,106.26,106.26
2020-08-04T00:00:00+0000,108.9375,108.9375
2020-08-05T00:00:00+0000,109.665,109.665
2020-08-06T00:00:00+0000,110.0625,110.0625
2020-08-07T00:00:00+0000,113.9025,113.9025
2020-08-10T00:00:00+0000,111.1125,111.1125
2020-08-11T00:00:00+0000,112.7275,112.7275
2020-08-12T00:00:00+0000,109.375,109.375
2020-08-13T00:00:00+0000,113.01,113.01
2020-08-14T00:00:00+0000,115.01,115.01
2020-08-17T00:00:00+0000,114.9075,114.9075
2020-08-18T00:00:00+0000,114.6075,114.6075
2020-08-19T00:00:00+0000,115.5625,115.5625
2020-08-20T00:00:00+0000,115.7075,115.7075
2020-08-21T00:00:00+0000,118.275,118.275
2020-08-24T00:00:00+0000,124.37,124.37
2020-08-25T00:00:00+0000,125.8575,125.8575
2020-08-26T00:00:00+0000,124.825,124.825
2020-08-27T00:00:00+0000,126.5225,126.5225
2020-08-28T00:00:00+0000,125.01,125.01
2020-08-31T00:00:00+0000,124.8075,124.8075
2020-09-01T00:00:00+0000,129.04,129.04
2020-09-02T00:00:00+0000,134.18,134.18
2020-09-03T00:00:00+0000,131.4,131.4
2020-09-04T00:00:00+0000,120.88,120.88
2020-09-08T00:00:00+0000,120.96,120.96
2020-09-09T00:00:00+0000,112.82,112.82
2020-09-10T00:00:00+0000,117.32,117.32
2020-09-11T00:00:00+0000,113.49,113.49
2020-09-14T00:00:00+0000,112.0,112.0
2020-09-15T00:00:00+0000,115.355,115.355
2020-09-16T00:00:00+0000,115.54,115.54
2020-09-17T00:00:00+0000,112.13,112.13
2020-09-18T00:00:00+0000,110.34,110.34
2020-09-21T00:00:00+0000,106.84,106.84
2020-09-22T00:00:00+0000,110.08,110.08
2020-09-23T00:00:00+0000,111.81,111.81
2020-09-24T00:00:00+0000,107.12,107.12
2020-09-25T00:00:00+0000,108.22,108.22
2020-09-28T00:00:00+0000,112.28,112.28
2020-09-29T00:00:00+0000,114.96,114.96
2020-09-30T00:00:00+0000,114.09,114.09
2020-10-01T00:00:00+0000,115.81,115.81
2020-10-02T00:00:00+0000,116.79,116.79
2020-10-05T00:00:00+0000,113.02,113.02
2020-10-06T00:00:00+0000,116.5,116.5
2020-10-07T00:00:00+0000,113.16,113.16
2020-10-08T00:00:00+0000,115.08,115.08
2020-10-09T00:00:00+0000,114.97,114.97
2020-10-12T00:00:00+0000,116.97,116.97
2020-10-13T00:00:00+0000,124.4,124.4
2020-10-14T00:00:00+0000,121.1,121.1
2020-10-15T00:00:00+0000,121.19,121.19
2020-10-16T00:00:00+0000,120.71,120.71
2020-10-19T00:00:00+0000,119.02,119.02
2020-10-20T00:00:00+0000,115.98,115.98
2020-10-21T00:00:00+0000,117.51,117.51
2020-10-22T00:00:00+0000,116.87,116.87
2020-10-23T00:00:00+0000,115.75,115.75
2020-10-26T00:00:00+0000,115.04,115.04
2020-10-27T00:00:00+0000,115.05,115.05
2020-10-28T00:00:00+0000,116.6,116.6
2020-10-29T00:00:00+0000,111.2,111.2
2020-10-30T00:00:00+0000,115.32,115.32
2020-11-02T00:00:00+0000,108.86,108.86
2020-11-03T00:00:00+0000,108.77,108.77
2020-11-04T00:00:00+0000,110.44,110.44
2020-11-05T00:00:00+0000,114.95,114.95
2020-11-06T00:00:00+0000,119.03,119.03
2020-11-09T00:00:00+0000,118.69,118.69
2020-11-10T00:00:00+0000,116.32,116.32
2020-11-11T00:00:00+0000,115.97,115.97
2020-11-12T00:00:00+0000,119.49,119.49
2020-11-13T00:00:00+0000,119.21,119.21
2020-11-16T00:00:00+0000,119.26,119.26
2020-11-17T00:00:00+0000,120.3,120.3
2020-11-18T00:00:00+0000,119.39,119.39
2020-11-19T00:00:00+0000,118.03,118.03
2020-11-20T00:00:00+0000,118.64,118.64
2020-11-23T00:00:00+0000,117.34,117.34
2020-11-24T00:00:00+0000,113.85,113.85
2020-11-25T00:00:00+0000,115.17,115.17
2020-11-27T00:00:00+0000,116.03,116.03
2020-11-30T00:00:00+0000,116.59,116.59
2020-12-01T00:00:00+0000,119.05,119.05
2020-12-02T00:00:00+0000,122.72,122.72
2020-12-03T00:00:00+0000,123.08,123.08
2020-12-04T00:00:00+0000,122.94,122.94
2020-12-07T00:00:00+0000,122.25,122.25
2020-12-08T00:00:00+0000,123.75,123.75
2020-12-09T00:00:00+0000,124.38,124.38
2020-12-10T00:00:00+0000,121.78,121.78
2020-12-11T00:00:00+0000,123.24,123.24
2020-12-14T00:00:00+0000,122.41,122.41
2020-12-15T00:00:00+0000,121.78,121.78
2020-12-16T00:00:00+0000,127.88,127.88
2020-12-17T00:00:00+0000,127.81,127.81
2020-12-18T00:00:00+0000,128.7,128.7
2020-12-21T00:00:00+0000,126.655,126.655
2020-12-22T00:00:00+0000,128.23,128.23
2020-12-23T00:00:00+0000,131.88,131.88
2020-12-24T00:00:00+0000,130.96,130.96
2020-12-28T00:00:00+0000,131.97,131.97
2020-12-29T00:00:00+0000,136.69,136.69
2020-12-30T00:00:00+0000,134.87,134.87
2020-12-31T00:00:00+0000,133.72,133.72
2021-01-04T00:00:00+0000,132.69,132.69
2021-01-05T00:00:00+0000,129.41,129.41
2021-01-06T00:00:00+0000,131.01,131.01
2021-01-07T00:00:00+0000,126.6,126.6
2021-01-08T00:00:00+0000,130.92,130.92
2021-01-11T00:00:00+0000,132.05,132.05
2021-01-12T00:00:00+0000,128.98,128.98
2021-01-13T00:00:00+0000,128.8,128.8
2021-01-14T00:00:00+0000,130.89,130.89
2021-01-15T00:00:00+0000,128.91,128.91
2021-01-19T00:00:00+0000,127.14,127.14
2021-01-20T00:00:00+0000,127.83,127.83
2021-01-21T00:00:00+0000,132.03,132.03
2021-01-22T00:00:00+0000,136.87,136.87
2021-01-25T00:00:00+0000,139.07,139.07
2021-01-26T00:00:00+0000,142.92,142.92
2021-01-27T00:00:00+0000,143.16,143.16
2021-01-28T00:00:00+0000,142.06,142.06
2021-01-29T00:00:00+0000,137.09,137.09
2021-02-01T00:00:00+0000,131.96,131.96
2021-02-02T00:00:00+0000,134.14,134.14
2021-02-03T00:00:00+0000,134.99,134.99
2021-02-04T00:00:00+0000,133.94,133.94
2021-02-05T00:00:00+0000,137.39,137.39
2021-02-08T00:00:00+0000,136.76,136.76
2021-02-09T00:00:00+0000,136.91,136.91
2021-02-10T00:00:00+0000,136.01,136.01
2021-02-11T00:00:00+0000,135.39,135.39
2021-02-12T00:00:00+0000,135.13,135.13
2021-02-16T00:00:00+0000,135.37,135.37
2021-02-17T00:00:00+0000,133.19,133.19
2021-02-18T00:00:00+0000,130.84,130.84
2021-02-19T00:00:00+0000,129.71,129.71
2021-02-22T00:00:00+0000,129.87,129.87
2021-02-23T00:00:00+0000,126.0,126.0
2021-02-24T00:00:00+0000,125.86,125.86
2021-02-25T00:00:00+0000,125.35,125.35
2021-02-26T00:00:00+0000,120.99,120.99
2021-03-01T00:00:00+0000,121.26,121.26
2021-03-02T00:00:00+0000,127.79,127.79
2021-03-03T00:00:00+0000,125.12,125.12
2021-03-04T00:00:00+0000,122.06,122.06
2021-03-05T00:00:00+0000,120.13,120.13
2021-03-08T00:00:00+0000,121.42,121.42
2021-03-09T00:00:00+0000,116.36,116.36
2021-03-10T00:00:00+0000,121.085,121.085
2021-03-11T00:00:00+0000,133.68903058288876,133.68903058288876
2021-03-12T00:00:00+0000,122.21695048566876,122.21695048566876
2021-03-15T00:00:00+0000,121.03,121.03
2021-03-16T00:00:00+0000,123.99,123.99
2021-03-17T00:00:00+0000,125.57,125.57
2021-03-18T00:00:00+0000,124.76,124.76
2021-03-19T00:00:00+0000,120.53,120.53
2021-03-22T00:00:00+0000,119.99,119.99
2021-03-23T00:00:00+0000,123.39,123.39
2021-03-24T00:00:00+0000,122.54,122.54
2021-03-25T00:00:00+0000,120.09,120.09
2021-03-26T00:00:00+0000,120.59,120.59
2021-03-29T00:00:00+0000,121.21,121.21
2021-03-30T00:00:00+0000,120.37330321130308,120.37330321130308
2021-03-31T00:00:00+0000,121.7609396850882,121.7609396850882
2021-04-01T00:00:00+0000,122.15,122.15
2021-04-05T00:00:00+0000,123.0,123.0
2021-04-06T00:00:00+0000,125.9,125.9
2021-04-07T00:00:00+0000,126.21,126.21
2021-04-08T00:00:00+0000,127.9,127.9
2021-04-09T00:00:00+0000,130.36,130.36
2021-04-12T00:00:00+0000,132.995,132.995
2021-04-13T00:00:00+0000,131.24,131.24
2021-04-14T00:00:00+0000,134.43,134.43
2021-04-15T00:00:00+0000,132.03,132.03
2021-04-16T00:00:00+0000,134.5,134.5
2021-04-19T00:00:00+0000,134.16,134.16
2021-04-20T00:00:00+0000,134.84,134.84
2021-04-21T00:00:00+0000,133.11,133.11
2021-04-22T00:00:00+0000,133.5,133.5
2021-04-23T00:00:00+0000,131.94,131.94
2021-04-26T00:00:00+0000,134.32,134.32
2021-04-27T00:00:00+0000,134.72,134.72
2021-04-28T00:00:00+0000,134.39,134.39
2021-04-29T00:00:00+0000,133.58,133.58
2021-04-30T00:00:00+0000,133.48,133.48
2021-05-03T00:00:00+0000,131.46,131.46
2021-05-04T00:00:00+0000,132.54,132.54
2021-05-05T00:00:00+0000,127.85,127.85
2021-05-06T00:00:00+0000,128.1,128.1
2021-05-07T00:00:00+0000,129.74,129.74
2021-05-10T00:00:00+0000,130.21,130.21
2021-05-11T00:00:00+0000,126.85,126.85
2021-05-12T00:00:00+0000,125.91,125.91
2021-05-13T00:00:00+0000,122.77,122.77
2021-05-14T00:00:00+0000,124.97,124.97
2021-05-17T00:00:00+0000,127.45,127.45
2021-05-18T00:00:00+0000,126.27,126.27
2021-05-19T00:00:00+0000,124.85,124.85
2021-05-20T00:00:00+0000,124.69,124.69
2021-05-21T00:00:00+0000,127.31,127.31
2021-05-24T00:00:00+0000,125.43,125.43
2021-05-25T00:00:00+0000,127.1,127.1
2021-05-26T00:00:00+0000,126.9,126.9
2021-05-27T00:00:00+0000,126.85,126.85
2021-05-28T00:00:00+0000,125.28,125.28
2021-06-01T00:00:00+0000,124.61,124.61
2021-06-02T00:00:00+0000,124.28,124.28
2021-06-03T00:00:00+0000,125.06,125.06
2021-06-04T00:00:00+0000,123.54,123.54
2021-06-07T00:00:00+0000,125.89,125.89
2021-06-08T00:00:00+0000,125.9,125.9
2021-06-09T00:00:00+0000,126.74,126.74
2021-06-10T00:00:00+0000,127.13,127.13
2021-06-11T00:00:00+0000,126.11,126.11
2021-06-14T00:00:00+0000,127.35,127.35
2021-06-15T00:00:00+0000,130.48,130.48
2021-06-16T00:00:00+0000,129.64,129.64
2021-06-17T00:00:00+0000,130.15,130.15
2021-06-18T00:00:00+0000,131.79,131.79
2021-06-21T00:00:00+0000,130.46,130.46
2021-06-22T00:00:00+0000,132.3,132.3
2021-06-23T00:00:00+0000,133.98,133.98
2021-06-24T00:00:00+0000,133.7,133.7
2021-06-25T00:00:00+0000,133.41,133.41
2021-06-28T00:00:00+0000,133.11,133.11
2021-06-29T00:00:00+0000,134.78,134.78
2021-06-30T00:00:00+0000,136.33,136.33
