open,high,low,last,close,date,symbol
193.63,194.0,191.95,,194.0,2018-06-06,AAPL
194.155,194.16,192.385,,194.0,2018-06-07,AAPL
193.5,193.5,189.805,,193.5,2018-06-08,AAPL
191.51,191.51,191.51,,191.51,2018-06-09,AAPL
191.72,191.97,190.23,,191.72,2018-06-11,AAPL
192.485,192.6,191.16,,192.395,2018-06-12,AAPL
192.755,192.85,190.49,,192.78,2018-06-13,AAPL
191.535,191.535,190.23,,191.11,2018-06-14,AAPL
190.85,190.85,188.3,,190.85,2018-06-15,AAPL
189.07,189.07,189.07,,189.07,2018-06-16,AAPL
189.085,189.22,187.22,,189.06,2018-06-18,AAPL
188.74,188.74,183.46,,188.74,2018-06-19,AAPL
187.12,187.19,185.73,,187.14,2018-06-20,AAPL
187.77,188.335,184.955,,187.77,2018-06-21,AAPL
185.985,186.12,184.83,,185.79,2018-06-22,AAPL
185.015,185.015,185.015,,185.015,2018-06-23,AAPL
183.67,184.92,180.74,,183.39,2018-06-25,AAPL
186.48,186.48,182.24,,186.42,2018-06-26,AAPL
186.76,187.25,184.16,,186.81,2018-06-27,AAPL
185.99,186.205,183.82,,185.91,2018-06-28,AAPL
186.53,187.175,185.35,,186.49,2018-06-29,AAPL
185.35,185.35,185.35,,185.35,2018-06-30,AAPL
186.885,187.27,183.55,,187.18,2018-07-02,AAPL
187.78,187.94,183.64,,187.18,2018-07-03,AAPL
183.64,183.64,183.64,,183.64,2018-07-04,AAPL
185.97,186.39,183.64,,185.83,2018-07-05,AAPL
188.34,188.41,185.36,,187.97,2018-07-06,AAPL
187.97,187.97,187.97,,187.97,2018-07-07,AAPL
190.5,190.67,189.37,,190.595,2018-07-09,AAPL
191.205,191.275,190.21,,191.205,2018-07-10,AAPL
190.35,190.35,187.69,,190.35,2018-07-11,AAPL
191.17,191.37,187.93,,191.18,2018-07-12,AAPL
191.69,191.815,190.93,,191.705,2018-07-13,AAPL
191.33,191.33,191.33,,191.33,2018-07-14,AAPL
192.26,192.635,190.425,,192.26,2018-07-16,AAPL
191.81,191.865,189.37,,191.55,2018-07-17,AAPL
191.79,191.79,189.99,,191.47,2018-07-18,AAPL
192.47,192.54,189.69,,192.47,2018-07-19,AAPL
192.28,192.41,190.22,,192.1,2018-07-20,AAPL
190.8,191.44,190.8,,191.44,2018-07-21,AAPL
191.82,191.96,189.57,,191.82,2018-07-23,AAPL
193.28,193.66,191.61,,193.16,2018-07-24,AAPL
193.93,194.82,192.45,,194.82,2018-07-25,AAPL
195.26,195.96,193.61,,195.19,2018-07-26,AAPL
194.995,195.08,190.12,,194.41,2018-07-27,AAPL
190.98,190.98,190.98,,190.98,2018-07-28,AAPL
191.94,192.19,189.1,,189.99,2018-07-30,AAPL
191.895,192.14,189.34,,191.64,2018-07-31,AAPL
200.89,201.755,190.29,,201.62,2018-08-01,AAPL
207.91,208.365,200.37,,207.91,2018-08-02,AAPL
208.51,208.68,206.51,,208.43,2018-08-03,AAPL
207.96,207.96,207.96,,207.96,2018-08-04,AAPL
209.17,209.25,207.08,,209.09,2018-08-06,AAPL
209.43,209.47,206.79,,209.06,2018-08-07,AAPL
207.59,207.79,204.55,,207.54,2018-08-08,AAPL
209.645,209.77,207.25,,209.55,2018-08-09,AAPL
208.88,209.1,206.68,,208.88,2018-08-10,AAPL
207.53,207.53,207.53,,207.53,2018-08-11,AAPL
210.73,210.94,207.8,,210.39,2018-08-13,AAPL
210.155,210.555,208.26,,209.75,2018-08-14,AAPL
210.0,210.73,208.35,,210.3,2018-08-15,AAPL
213.653,213.73,210.24,,213.54,2018-08-16,AAPL
217.33,217.94,213.185,,217.62,2018-08-17,AAPL
217.58,217.58,217.58,,217.58,2018-08-18,AAPL
218.105,219.17,215.11,,217.46,2018-08-20,AAPL
216.91,217.22,214.03,,216.81,2018-08-21,AAPL
216.27,216.35,213.88,,216.09,2018-08-22,AAPL
216.8,217.055,214.64,,216.735,2018-08-23,AAPL
216.51,216.88,215.12,,216.16,2018-08-24,AAPL
216.16,216.16,216.16,,216.16,2018-08-25,AAPL
218.565,218.74,216.36,,218.52,2018-08-27,AAPL
220.275,220.55,217.94,,220.27,2018-08-28,AAPL
223.03,223.22,219.41,,223.08,2018-08-29,AAPL
227.765,228.265,222.41,,227.765,2018-08-30,AAPL
228.415,228.86,225.03,,228.45,2018-08-31,AAPL
227.63,227.63,227.63,,227.63,2018-09-01,AAPL
227.63,227.63,227.63,,227.63,2018-09-03,AAPL
228.65,229.17,226.655,,228.53,2018-09-04,AAPL
228.98,229.625,225.11,,228.36,2018-09-05,AAPL
226.87,227.24,221.335,,226.87,2018-09-06,AAPL
225.18,225.36,220.71,,225.17,2018-09-07,AAPL
221.3,221.3,221.3,,221.3,2018-09-08,AAPL
220.975,221.85,216.48,,219.37,2018-09-10,AAPL
224.02,224.29,216.57,,223.94,2018-09-11,AAPL
224.9,224.99,219.85,,223.85,2018-09-12,AAPL
227.57,228.355,221.0,,227.57,2018-09-13,AAPL
226.41,226.81,222.54,,226.41,2018-09-14,AAPL
223.84,223.84,223.84,,223.84,2018-09-15,AAPL
222.14,222.85,217.28,,221.175,2018-09-17,AAPL
220.4,221.775,217.18,,220.385,2018-09-18,AAPL
218.53,219.64,215.295,,218.45,2018-09-19,AAPL
221.74,222.265,218.37,,221.29,2018-09-20,AAPL
220.995,221.395,217.275,,220.03,2018-09-21,AAPL
217.66,217.66,217.66,,217.66,2018-09-22,AAPL
220.27,221.26,216.65,,220.8,2018-09-24,AAPL
222.56,222.85,219.71,,222.52,2018-09-25,AAPL
223.165,223.75,219.88,,223.105,2018-09-26,AAPL
226.12,226.455,220.42,,226.055,2018-09-27,AAPL
225.565,225.85,224.02,,225.74,2018-09-28,AAPL
225.74,225.74,225.74,,225.74,2018-09-29,AAPL
228.97,229.41,226.33,,228.865,2018-10-01,AAPL
229.86,230.04,226.645,,229.82,2018-10-02,AAPL
233.08,233.48,229.28,,232.71,2018-10-03,AAPL
232.1,232.325,226.755,,232.1,2018-10-04,AAPL
228.15,228.15,220.58,,227.99,2018-10-05,AAPL
224.29,224.29,224.29,,224.29,2018-10-06,AAPL
223.88,224.79,220.21,,223.955,2018-10-08,AAPL
226.67,227.27,222.25,,226.91,2018-10-09,AAPL
226.91,226.91,216.285,,226.91,2018-10-10,AAPL
219.25,219.46,212.34,,219.41,2018-10-11,AAPL
220.99,222.87,214.45,,222.235,2018-10-12,AAPL
222.11,222.11,222.11,,222.11,2018-10-13,AAPL
221.045,221.81,217.29,,219.2,2018-10-15,AAPL
221.985,222.9,216.77,,222.62,2018-10-16,AAPL
222.24,222.63,219.365,,222.15,2018-10-17,AAPL
221.2,221.2,213.0,,221.2,2018-10-18,AAPL
220.9,221.25,216.02,,220.9,2018-10-19,AAPL
219.31,219.31,219.31,,219.31,2018-10-20,AAPL
223.07,223.35,219.445,,222.685,2018-10-22,AAPL
222.615,223.265,214.81,,222.84,2018-10-23,AAPL
222.73,224.23,214.575,,222.73,2018-10-24,AAPL
221.12,221.35,215.09,,220.53,2018-10-25,AAPL
219.8,220.17,212.69,,219.8,2018-10-26,AAPL
216.3,216.3,216.3,,216.3,2018-10-27,AAPL
219.185,219.68,206.95,,219.11,2018-10-29,AAPL
214.85,215.18,209.27,,214.815,2018-10-30,AAPL
219.92,220.44,213.3,,219.865,2018-10-31,AAPL
220.795,222.35,216.81,,222.22,2018-11-01,AAPL
222.22,222.22,205.43,,222.22,2018-11-02,AAPL
207.48,207.48,207.48,,207.48,2018-11-03,AAPL
204.32,204.39,198.18,,201.59,2018-11-05,AAPL
204.26,204.705,200.71,,204.265,2018-11-06,AAPL
207.74,209.95,201.685,,209.95,2018-11-07,AAPL
209.965,210.09,206.74,,209.95,2018-11-08,AAPL
208.49,208.775,202.275,,208.49,2018-11-09,AAPL
204.47,204.775,202.275,,204.47,2018-11-10,AAPL
199.005,199.85,193.78,,196.825,2018-11-12,AAPL
195.81,197.17,191.55,,195.745,2018-11-13,AAPL
193.87,194.465,185.97,,193.075,2018-11-14,AAPL
190.455,191.95,185.97,,191.41,2018-11-15,AAPL
194.565,194.93,189.5,,193.66,2018-11-16,AAPL
194.195,194.55,192.49,,194.185,2018-11-17,AAPL
189.995,190.7,184.995,,188.17,2018-11-19,AAPL
186.53,187.09,175.58,,186.545,2018-11-20,AAPL
179.73,180.25,175.865,,178.365,2018-11-21,AAPL
178.365,178.38,176.56,,177.89,2018-11-22,AAPL
176.76,176.76,172.12,,176.76,2018-11-23,AAPL
172.29,172.29,172.29,,172.29,2018-11-24,AAPL
174.545,174.93,170.41,,174.68,2018-11-26,AAPL
174.62,174.75,170.88,,174.62,2018-11-27,AAPL
179.315,181.27,172.865,,180.94,2018-11-28,AAPL
182.655,182.77,177.695,,181.1,2018-11-29,AAPL
180.295,180.37,177.025,,180.285,2018-11-30,AAPL
178.97,179.295,177.025,,178.595,2018-12-01,AAPL
184.45,184.92,181.215,,184.82,2018-12-03,AAPL
184.82,184.92,176.275,,184.9,2018-12-04,AAPL
177.55,178.26,176.275,,177.58,2018-12-05,AAPL
176.69,176.69,170.44,,176.69,2018-12-06,AAPL
174.72,174.75,168.32,,174.72,2018-12-07,AAPL
170.33,170.53,168.32,,169.01,2018-12-08,AAPL
168.38,170.08,163.73,,169.6,2018-12-10,AAPL
171.735,171.755,167.0,,170.215,2018-12-11,AAPL
171.825,171.9,167.0,,171.37,2018-12-12,AAPL
171.965,172.56,169.03,,171.495,2018-12-13,AAPL
170.95,171.295,165.29,,170.95,2018-12-14,AAPL
166.795,166.97,165.29,,166.545,2018-12-15,AAPL
168.055,168.34,162.74,,168.03,2018-12-17,AAPL
167.295,167.52,162.74,,167.29,2018-12-18,AAPL
166.88,167.43,159.61,,166.73,2018-12-19,AAPL
166.995,167.13,155.42,,161.75,2018-12-20,AAPL
157.555,158.42,149.64,,157.595,2018-12-21,AAPL
152.925,153.6,149.64,,152.43,2018-12-22,AAPL
150.74,151.53,146.655,,150.74,2018-12-24,AAPL
147.17,147.17,147.17,,147.17,2018-12-25,AAPL
152.42,157.22,146.745,,157.17,2018-12-26,AAPL
156.75,157.22,150.09,,157.17,2018-12-27,AAPL
157.485,158.5,150.09,,156.99,2018-12-28,AAPL
158.39,158.5,155.69,,158.38,2018-12-29,AAPL
158.52,159.25,156.5,,158.37,2018-12-31,AAPL
157.74,157.88,156.66,,157.88,2019-01-01,AAPL
158.355,158.82,154.25,,158.725,2019-01-02,AAPL
158.73,158.735,142.0,,157.92,2019-01-03,AAPL
148.45,148.565,142.0,,148.26,2019-01-04,AAPL
148.26,148.345,147.08,,148.285,2019-01-05,AAPL
148.63,148.785,145.91,,148.04,2019-01-07,AAPL
151.13,151.815,146.21,,151.3,2019-01-08,AAPL
154.22,154.5,149.665,,154.22,2019-01-09,AAPL
154.18,154.5,150.86,,154.135,2019-01-10,AAPL
153.85,153.97,151.515,,153.8,2019-01-11,AAPL
152.365,152.595,151.515,,152.29,2019-01-12,AAPL
152.29,152.29,149.305,,150.31,2019-01-14,AAPL
153.035,153.39,149.47,,153.07,2019-01-15,AAPL
155.24,155.865,151.84,,155.27,2019-01-16,AAPL
155.265,157.28,153.27,,155.86,2019-01-17,AAPL
157.79,157.79,154.06,,157.79,2019-01-18,AAPL
157.43,157.47,155.99,,156.84,2019-01-19,AAPL
156.82,156.82,156.82,,156.82,2019-01-21,AAPL
156.82,156.82,152.685,,156.82,2019-01-22,AAPL
154.62,155.14,151.71,,154.61,2019-01-23,AAPL
153.965,154.47,151.81,,153.965,2019-01-24,AAPL
157.44,158.13,151.85,,157.72,2019-01-25,AAPL
157.825,158.13,157.22,,157.72,2019-01-26,AAPL
155.88,156.3,153.67,,156.3,2019-01-28,AAPL
157.34,158.13,154.105,,157.35,2019-01-29,AAPL
163.235,166.14,154.105,,165.25,2019-01-30,AAPL
168.88,169.0,163.0,,168.875,2019-01-31,AAPL
168.6,168.96,165.995,,168.57,2019-02-01,AAPL
167.025,167.04,165.995,,166.6,2019-02-02,AAPL
171.15,171.585,167.29,,171.25,2019-02-04,AAPL
174.705,174.795,170.72,,174.705,2019-02-05,AAPL
174.845,175.3,172.93,,174.845,2019-02-06,AAPL
174.24,174.33,170.5,,174.24,2019-02-07,AAPL
171.195,171.38,168.42,,171.2,2019-02-08,AAPL
170.495,170.545,169.825,,170.48,2019-02-09,AAPL
171.17,171.21,169.29,,170.46,2019-02-11,AAPL
170.35,171.0,169.29,,170.89,2019-02-12,AAPL
171.94,172.485,169.93,,171.52,2019-02-13,AAPL
171.11,171.265,169.38,,171.09,2019-02-14,AAPL
171.26,171.7,169.75,,171.11,2019-02-15,AAPL
170.41,170.505,169.87,,170.42,2019-02-16,AAPL
170.41,170.41,170.41,,170.41,2019-02-18,AAPL
170.73,171.44,169.51,,170.85,2019-02-19,AAPL
173.18,173.32,170.6,,173.195,2019-02-20,AAPL
172.38,172.835,170.32,,172.24,2019-02-21,AAPL
172.64,172.79,170.32,,172.79,2019-02-22,AAPL
172.79,172.79,171.86,,172.79,2019-02-23,AAPL
175.695,175.84,173.97,,175.41,2019-02-25,AAPL
174.86,175.29,173.16,,174.96,2019-02-26,AAPL
174.67,175.025,172.765,,174.83,2019-02-27,AAPL
174.84,175.025,172.98,,174.84,2019-02-28,AAPL
174.43,175.14,172.89,,174.89,2019-03-01,AAPL
175.1,175.14,174.33,,175.1,2019-03-02,AAPL
177.54,177.75,173.975,,177.48,2019-03-04,AAPL
175.89,175.94,174.55,,175.895,2019-03-05,AAPL
175.74,175.85,173.955,,175.665,2019-03-06,AAPL
174.84,174.91,172.025,,174.74,2019-03-07,AAPL
173.74,173.84,169.52,,173.32,2019-03-08,AAPL
172.96,172.995,171.65,,172.96,2019-03-09,AAPL
179.055,179.125,175.35,,178.85,2019-03-11,AAPL
182.4,182.67,178.835,,182.4,2019-03-12,AAPL
182.705,183.24,180.93,,182.62,2019-03-13,AAPL
183.975,184.1,181.64,,183.96,2019-03-14,AAPL
187.18,187.32,183.755,,187.185,2019-03-15,AAPL
186.195,186.195,186.195,,186.195,2019-03-16,AAPL
188.335,188.39,185.895,,188.32,2019-03-18,AAPL
188.53,188.99,185.93,,188.155,2019-03-19,AAPL
189.245,189.48,184.765,,189.17,2019-03-20,AAPL
196.16,196.27,188.23,,196.15,2019-03-21,AAPL
196.805,197.68,190.8,,195.695,2019-03-22,AAPL
190.97,190.97,190.97,,190.97,2019-03-23,AAPL
191.59,191.98,186.645,,190.57,2019-03-25,AAPL
192.495,192.88,184.61,,192.45,2019-03-26,AAPL
189.51,189.755,186.53,,189.53,2019-03-27,AAPL
189.225,189.54,187.535,,188.65,2019-03-28,AAPL
189.96,190.0,188.54,,189.94,2019-03-29,AAPL
189.94,189.94,189.94,,189.94,2019-03-30,AAPL
191.645,191.645,188.41,,191.26,2019-04-01,AAPL
194.35,194.46,191.06,,194.06,2019-04-02,AAPL
196.38,196.5,193.15,,196.28,2019-04-03,AAPL
196.15,196.355,194.8,,195.94,2019-04-04,AAPL
196.935,197.08,195.69,,197.06,2019-04-05,AAPL
197.0,197.0,197.0,,197.0,2019-04-06,AAPL
199.96,200.215,196.34,,200.07,2019-04-08,AAPL
202.62,202.835,199.23,,202.61,2019-04-09,AAPL
200.73,200.765,198.195,,200.68,2019-04-10,AAPL
200.905,200.95,198.45,,200.695,2019-04-11,AAPL
199.83,200.14,196.245,,199.84,2019-04-12,AAPL
198.8,198.8,198.8,,198.8,2019-04-13,AAPL
199.335,199.82,198.025,,199.25,2019-04-15,AAPL
201.36,201.37,198.6,,201.36,2019-04-16,AAPL
203.28,203.38,198.63,,203.135,2019-04-17,AAPL
204.025,204.15,202.53,,204.04,2019-04-18,AAPL
203.86,203.86,203.86,,203.86,2019-04-19,AAPL
203.86,203.86,203.86,,203.86,2019-04-20,AAPL
204.87,204.965,202.33,,204.875,2019-04-22,AAPL
207.615,207.75,204.08,,207.525,2019-04-23,AAPL
208.465,208.475,207.065,,208.17,2019-04-24,AAPL
207.16,207.765,205.13,,207.16,2019-04-25,AAPL
205.28,205.28,202.21,,205.28,2019-04-26,AAPL
204.3,204.3,204.3,,204.3,2019-04-27,AAPL
205.805,205.98,203.885,,205.29,2019-04-29,AAPL
204.61,204.61,199.17,,204.61,2019-04-30,AAPL
215.02,215.3,200.875,,214.845,2019-05-01,AAPL
212.535,212.635,208.15,,212.45,2019-05-02,AAPL
211.6,211.77,209.15,,211.75,2019-05-03,AAPL
211.75,211.75,211.75,,211.75,2019-05-04,AAPL
208.715,208.84,203.62,,208.72,2019-05-06,AAPL
208.48,208.48,200.83,,208.48,2019-05-07,AAPL
204.92,205.315,201.77,,204.855,2019-05-08,AAPL
202.9,202.9,196.76,,202.9,2019-05-09,AAPL
200.72,200.72,192.83,,200.72,2019-05-10,AAPL
197.2,197.2,197.2,,197.2,2019-05-11,AAPL
188.62,189.45,184.7,,188.22,2019-05-13,AAPL
189.55,189.72,185.46,,189.495,2019-05-14,AAPL
191.57,191.74,186.04,,191.57,2019-05-15,AAPL
192.235,192.47,188.85,,192.23,2019-05-16,AAPL
190.43,190.9,186.815,,190.145,2019-05-17,AAPL
189.01,189.01,189.01,,189.01,2019-05-18,AAPL
183.675,184.33,180.305,,183.73,2019-05-20,AAPL
187.99,188.0,183.07,,187.915,2019-05-21,AAPL
186.555,186.555,182.55,,186.555,2019-05-22,AAPL
182.755,182.755,177.815,,182.755,2019-05-23,AAPL
182.0,182.115,178.605,,181.36,2019-05-24,AAPL
179.06,179.06,179.06,,179.06,2019-05-25,AAPL
179.06,179.06,179.06,,179.06,2019-05-27,AAPL
179.49,180.52,177.945,,179.51,2019-05-28,AAPL
179.245,179.35,176.02,,179.25,2019-05-29,AAPL
178.68,179.23,176.67,,178.68,2019-05-30,AAPL
178.26,178.26,175.005,,178.26,2019-05-31,AAPL
175.03,175.03,175.03,,175.03,2019-06-01,AAPL
177.39,177.915,170.32,,177.245,2019-06-03,AAPL
179.72,179.82,173.2,,179.675,2019-06-04,AAPL
184.4,184.99,179.675,,184.27,2019-06-05,AAPL
185.15,185.48,182.155,,185.3,2019-06-06,AAPL
191.65,191.955,185.3,,191.655,2019-06-07,AAPL
190.14,190.14,190.14,,190.14,2019-06-08,AAPL
195.13,195.36,191.74,,195.13,2019-06-10,AAPL
195.99,195.99,192.595,,195.95,2019-06-11,AAPL
195.2,195.95,193.395,,195.16,2019-06-12,AAPL
196.575,196.795,193.715,,196.545,2019-06-13,AAPL
194.93,194.93,190.335,,194.93,2019-06-14,AAPL
192.74,192.74,192.74,,192.74,2019-06-15,AAPL
194.74,194.96,192.22,,194.655,2019-06-17,AAPL
200.015,200.29,193.94,,200.015,2019-06-18,AAPL
199.605,199.875,197.32,,198.55,2019-06-19,AAPL
200.295,200.56,197.82,,199.65,2019-06-20,AAPL
200.77,200.85,198.14,,200.58,2019-06-21,AAPL
198.89,198.89,198.89,,198.89,2019-06-22,AAPL
199.81,200.14,198.26,,199.76,2019-06-24,AAPL
198.87,199.26,195.36,,198.58,2019-06-25,AAPL
200.915,200.98,195.64,,200.915,2019-06-26,AAPL
201.245,201.57,199.57,,201.225,2019-06-27,AAPL
199.73,199.73,197.05,,199.73,2019-06-28,AAPL
198.05,198.05,198.05,,198.05,2019-06-29,AAPL
204.14,204.48,200.645,,203.455,2019-07-01,AAPL
202.925,203.13,201.395,,202.84,2019-07-02,AAPL
204.37,204.37,202.69,,204.37,2019-07-03,AAPL
204.37,204.37,204.37,,204.37,2019-07-04,AAPL
205.015,205.07,203.03,,205.02,2019-07-05,AAPL
204.235,204.235,204.235,,204.235,2019-07-06,AAPL
200.59,201.39,198.435,,200.15,2019-07-08,AAPL
201.37,201.49,198.82,,201.37,2019-07-09,AAPL
203.545,203.715,201.23,,203.58,2019-07-10,AAPL
204.3,204.365,201.8,,204.32,2019-07-11,AAPL
203.93,203.99,201.8,,203.92,2019-07-12,AAPL
203.24,203.24,203.24,,203.24,2019-07-13,AAPL
205.54,205.87,204.035,,205.335,2019-07-15,AAPL
206.06,206.11,203.51,,206.075,2019-07-16,AAPL
205.025,205.095,203.345,,205.02,2019-07-17,AAPL
205.8,205.87,203.35,,205.63,2019-07-18,AAPL
205.8,206.5,202.385,,205.63,2019-07-19,AAPL
202.575,202.575,202.575,,202.575,2019-07-20,AAPL
206.945,207.18,203.65,,207.11,2019-07-22,AAPL
208.79,208.93,207.11,,208.735,2019-07-23,AAPL
209.01,209.145,207.19,,208.835,2019-07-24,AAPL
208.89,209.23,206.735,,208.63,2019-07-25,AAPL
208.63,209.725,207.01,,208.63,2019-07-26,AAPL
207.85,207.85,207.85,,207.85,2019-07-27,AAPL
210.58,210.62,208.49,,210.59,2019-07-29,AAPL
209.925,210.16,207.32,,209.91,2019-07-30,AAPL
220.51,221.37,208.92,,220.29,2019-07-31,AAPL
217.82,218.02,206.765,,217.84,2019-08-01,AAPL
208.38,208.38,201.63,,208.38,2019-08-02,AAPL
203.88,203.88,203.88,,203.88,2019-08-03,AAPL
197.91,198.61,192.59,,196.245,2019-08-05,AAPL
197.03,198.055,193.165,,197.16,2019-08-06,AAPL
199.22,199.56,193.82,,199.07,2019-08-07,AAPL
203.03,203.495,199.07,,203.295,2019-08-08,AAPL
203.295,203.295,199.3,,203.295,2019-08-09,AAPL
201.0,201.0,201.0,,201.0,2019-08-10,AAPL
201.98,202.06,199.16,,201.8,2019-08-12,AAPL
211.93,212.08,200.58,,212.07,2019-08-13,AAPL
209.16,209.16,202.58,,209.16,2019-08-14,AAPL
203.575,205.115,199.67,,203.555,2019-08-15,AAPL
206.905,207.16,201.62,,206.865,2019-08-16,AAPL
206.35,206.35,206.35,,206.35,2019-08-17,AAPL
212.535,212.715,210.04,,212.535,2019-08-19,AAPL
213.065,213.35,210.205,,212.98,2019-08-20,AAPL
213.57,213.645,210.525,,213.42,2019-08-21,AAPL
214.265,214.43,210.785,,214.29,2019-08-22,AAPL
212.78,212.78,201.815,,212.78,2019-08-23,AAPL
202.655,202.655,202.655,,202.655,2019-08-24,AAPL
206.975,207.19,205.06,,206.82,2019-08-26,AAPL
207.86,208.375,203.545,,207.25,2019-08-27,AAPL
205.67,205.73,203.33,,205.67,2019-08-28,AAPL
209.295,209.315,205.56,,209.09,2019-08-29,AAPL
210.06,210.45,207.2,,209.54,2019-08-30,AAPL
208.39,208.39,208.39,,208.39,2019-08-31,AAPL
208.39,208.39,208.39,,208.39,2019-09-02,AAPL
208.39,208.39,204.26,,208.39,2019-09-03,AAPL
209.41,209.475,205.71,,209.36,2019-09-04,AAPL
213.92,213.975,209.1,,213.915,2019-09-05,AAPL
214.05,214.41,212.55,,213.885,2019-09-06,AAPL
213.37,213.37,213.37,,213.37,2019-09-07,AAPL
216.38,216.435,213.36,,216.39,2019-09-09,AAPL
215.33,216.74,211.73,,216.735,2019-09-10,AAPL
223.075,223.6,216.735,,223.59,2019-09-11,AAPL
225.93,226.33,222.9,,225.905,2019-09-12,AAPL
223.2,223.2,217.03,,223.2,2019-09-13,AAPL
218.56,218.56,218.56,,218.56,2019-09-14,AAPL
220.005,220.105,217.56,,219.995,2019-09-16,AAPL
220.53,220.82,219.14,,220.62,2019-09-17,AAPL
222.485,222.79,219.58,,222.73,2019-09-18,AAPL
223.555,223.735,220.49,,223.6,2019-09-19,AAPL
222.22,222.46,217.515,,222.16,2019-09-20,AAPL
217.685,217.685,217.685,,217.685,2019-09-21,AAPL
219.785,219.825,217.67,,219.71,2019-09-23,AAPL
222.415,222.46,217.26,,222.385,2019-09-24,AAPL
221.35,221.45,217.2,,221.33,2019-09-25,AAPL
221.07,221.07,218.88,,221.07,2019-09-26,AAPL
220.55,220.89,217.35,,220.37,2019-09-27,AAPL
218.86,218.86,218.86,,218.86,2019-09-28,AAPL
224.43,224.56,220.84,,224.4,2019-09-30,AAPL
228.04,228.2,224.06,,228.07,2019-10-01,AAPL
224.46,224.46,217.96,,224.46,2019-10-02,AAPL
220.875,220.95,215.21,,220.95,2019-10-03,AAPL
227.35,227.465,220.95,,227.135,2019-10-04,AAPL
226.835,226.835,226.835,,226.835,2019-10-05,AAPL
229.91,229.95,225.885,,229.9,2019-10-07,AAPL
228.005,228.05,224.41,,227.935,2019-10-08,AAPL
227.595,227.76,224.41,,227.45,2019-10-09,AAPL
230.38,230.41,226.88,,230.32,2019-10-10,AAPL
237.305,237.58,230.06,,236.985,2019-10-11,AAPL
236.34,236.34,236.22,,236.22,2019-10-12,AAPL
238.065,238.115,234.765,,237.915,2019-10-14,AAPL
237.475,237.63,234.92,,237.44,2019-10-15,AAPL
235.37,235.37,233.2,,235.37,2019-10-16,AAPL
235.86,236.1,233.59,,235.86,2019-10-17,AAPL
237.51,237.555,234.31,,237.22,2019-10-18,AAPL
236.41,236.41,236.41,,236.41,2019-10-19,AAPL
240.9,240.985,237.54,,240.86,2019-10-21,AAPL
242.12,242.18,239.625,,242.06,2019-10-22,AAPL
243.01,243.22,240.11,,243.19,2019-10-23,AAPL
244.63,244.75,241.805,,243.5,2019-10-24,AAPL
246.01,246.7,242.94,,246.56,2019-10-25,AAPL
246.56,246.56,246.56,,246.56,2019-10-26,AAPL
248.96,249.17,246.82,,249.12,2019-10-28,AAPL
249.12,249.72,242.62,,249.12,2019-10-29,AAPL
244.77,245.27,241.28,,243.69,2019-10-30,AAPL
248.93,249.07,243.42,,248.92,2019-10-31,AAPL
254.91,255.88,248.92,,255.84,2019-11-01,AAPL
255.81,255.81,255.81,,255.81,2019-11-02,AAPL
257.645,257.82,255.435,,257.5,2019-11-04,AAPL
257.98,258.185,256.35,,257.835,2019-11-05,AAPL
258.11,258.185,255.405,,258.02,2019-11-06,AAPL
260.165,260.35,256.36,,260.23,2019-11-07,AAPL
260.295,260.35,256.99,,260.325,2019-11-08,AAPL
260.0,260.03,258.8,,260.0,2019-11-09,AAPL
262.23,262.435,258.375,,262.27,2019-11-11,AAPL
262.73,262.79,260.93,,262.73,2019-11-12,AAPL
264.555,264.77,261.135,,264.625,2019-11-13,AAPL
264.625,264.86,262.19,,264.645,2019-11-14,AAPL
264.965,265.63,262.51,,265.63,2019-11-15,AAPL
265.63,265.63,264.775,,265.63,2019-11-16,AAPL
266.87,267.415,264.27,,267.06,2019-11-18,AAPL
267.955,267.955,265.42,,267.475,2019-11-19,AAPL
267.085,267.175,260.47,,267.075,2019-11-20,AAPL
263.81,263.995,261.2,,263.485,2019-11-21,AAPL
262.7,263.12,260.85,,262.65,2019-11-22,AAPL
262.65,262.65,260.85,,262.65,2019-11-23,AAPL
265.52,266.36,262.53,,266.33,2019-11-25,AAPL
266.945,267.01,263.92,,266.71,2019-11-26,AAPL
266.795,267.94,263.92,,267.94,2019-11-27,AAPL
267.94,267.94,266.7,,267.94,2019-11-28,AAPL
267.94,267.98,265.97,,267.94,2019-11-29,AAPL
267.81,267.81,267.81,,267.81,2019-11-30,AAPL
267.39,268.22,263.56,,267.03,2019-12-02,AAPL
265.72,265.73,256.43,,265.685,2019-12-03,AAPL
263.15,263.265,257.97,,263.19,2019-12-04,AAPL
265.275,265.885,261.75,,265.55,2019-12-05,AAPL
270.86,271.0,264.51,,270.87,2019-12-06,AAPL
270.78,270.795,269.89,,270.77,2019-12-07,AAPL
270.01,270.735,264.93,,269.725,2019-12-09,AAPL
269.905,270.04,265.92,,269.82,2019-12-10,AAPL
270.68,271.1,267.745,,271.1,2019-12-11,AAPL
272.28,272.5,267.445,,271.61,2019-12-12,AAPL
274.945,275.3,269.28,,275.11,2019-12-13,AAPL
275.135,275.3,273.75,,275.11,2019-12-14,AAPL
280.62,280.775,277.01,,280.63,2019-12-16,AAPL
281.62,281.755,278.97,,281.67,2019-12-17,AAPL
281.245,281.94,279.13,,281.45,2019-12-18,AAPL
281.86,281.94,278.96,,281.85,2019-12-19,AAPL
282.16,282.22,278.63,,281.81,2019-12-20,AAPL
280.725,280.76,278.63,,280.68,2019-12-21,AAPL
283.975,284.24,280.51,,283.98,2019-12-23,AAPL
284.66,284.88,282.97,,284.485,2019-12-24,AAPL
284.345,284.345,284.345,,284.345,2019-12-25,AAPL
288.625,289.97,284.345,,289.96,2019-12-26,AAPL
293.51,293.94,288.18,,293.635,2019-12-27,AAPL
290.37,290.48,288.52,,290.31,2019-12-28,AAPL
292.49,292.675,285.33,,292.6,2019-12-30,AAPL
292.51,293.665,289.66,,293.62,2019-12-31,AAPL
293.62,293.665,292.01,,293.62,2020-01-01,AAPL
298.74,300.47,293.62,,300.45,2020-01-02,AAPL
300.47,300.55,296.52,,300.45,2020-01-03,AAPL
299.79,299.99,297.675,,299.83,2020-01-04,AAPL
299.455,299.97,292.8,,299.825,2020-01-06,AAPL
300.83,300.875,297.59,,300.24,2020-01-07,AAPL
303.06,304.43,297.21,,303.085,2020-01-08,AAPL
310.33,310.405,302.3,,310.33,2020-01-09,AAPL
312.45,312.605,308.295,,312.49,2020-01-10,AAPL
310.79,310.935,309.285,,310.83,2020-01-11,AAPL
313.725,317.05,311.15,,316.92,2020-01-13,AAPL
317.29,317.51,311.75,,317.06,2020-01-14,AAPL
315.5,315.5,309.63,,315.35,2020-01-15,AAPL
315.54,315.605,309.63,,315.495,2020-01-16,AAPL
316.92,318.735,313.525,,318.68,2020-01-17,AAPL
318.68,318.735,316.475,,318.68,2020-01-18,AAPL
318.68,318.68,318.68,,318.68,2020-01-20,AAPL
318.86,318.98,316.24,,318.795,2020-01-21,AAPL
319.78,319.985,316.24,,319.75,2020-01-22,AAPL
319.85,319.985,315.755,,319.925,2020-01-23,AAPL
323.015,323.22,317.535,,323.16,2020-01-24,AAPL
320.265,320.31,317.535,,320.18,2020-01-25,AAPL
311.58,311.725,304.88,,311.6,2020-01-27,AAPL
317.04,318.375,304.88,,317.57,2020-01-28,AAPL
327.76,327.85,316.86,,327.31,2020-01-29,AAPL
327.785,327.85,318.86,,327.2,2020-01-30,AAPL
323.935,323.96,308.4,,323.935,2020-01-31,AAPL
313.35,313.67,308.4,,312.72,2020-02-01,AAPL
313.435,313.435,302.35,,312.985,2020-02-03,AAPL
319.42,319.61,306.73,,319.455,2020-02-04,AAPL
323.67,324.705,317.53,,323.35,2020-02-05,AAPL
324.51,325.2,320.085,,325.19,2020-02-06,AAPL
325.19,325.2,318.13,,325.19,2020-02-07,AAPL
320.705,320.98,318.13,,320.03,2020-02-08,AAPL
319.88,321.49,313.89,,321.49,2020-02-10,AAPL
323.57,323.885,318.8,,323.005,2020-02-11,AAPL
325.35,327.205,318.8,,327.16,2020-02-12,AAPL
327.16,327.205,323.505,,327.16,2020-02-13,AAPL
326.16,326.17,322.86,,326.05,2020-02-14,AAPL
324.92,324.99,323.36,,324.815,2020-02-15,AAPL
324.815,324.815,324.815,,324.815,2020-02-17,AAPL
324.815,324.815,314.61,,324.815,2020-02-18,AAPL
324.47,324.54,317.625,,324.41,2020-02-19,AAPL
324.375,324.6,318.32,,324.38,2020-02-20,AAPL
320.97,321.15,310.62,,320.9,2020-02-21,AAPL
313.28,313.53,310.62,,313.06,2020-02-22,AAPL
303.91,303.99,289.24,,303.31,2020-02-24,AAPL
302.82,303.27,286.265,,302.76,2020-02-25,AAPL
297.385,297.87,286.265,,297.66,2020-02-26,AAPL
293.98,294.08,273.0,,293.7,2020-02-27,AAPL
280.47,280.85,256.37,,280.61,2020-02-28,AAPL
273.63,273.74,263.75,,273.63,2020-02-29,AAPL
292.9,300.0,277.77,,298.78,2020-03-02,AAPL
303.61,303.99,285.84,,301.38,2020-03-03,AAPL
300.52,303.02,285.84,,302.84,2020-03-04,AAPL
302.84,303.02,291.525,,302.84,2020-03-05,AAPL
295.55,295.72,281.36,,295.48,2020-03-06,AAPL
289.01,290.74,281.65,,288.98,2020-03-07,AAPL
277.4,277.8,263.01,,277.37,2020-03-09,AAPL
283.555,285.395,266.35,,285.365,2020-03-10,AAPL
285.365,285.365,272.27,,285.365,2020-03-11,AAPL
275.4,275.4,248.29,,275.4,2020-03-12,AAPL
271.89,278.445,248.34,,278.02,2020-03-13,AAPL
278.02,278.02,278.02,,278.02,2020-03-14,AAPL
258.725,259.01,240.0,,258.31,2020-03-16,AAPL
257.29,257.52,238.5,,257.2,2020-03-17,AAPL
252.8,252.8,237.21,,252.8,2020-03-18,AAPL
252.135,252.75,242.86,,251.41,2020-03-19,AAPL
251.53,251.79,228.0,,251.51,2020-03-20,AAPL
229.05,229.05,229.05,,229.05,2020-03-21,AAPL
228.19,228.19,212.785,,225.01,2020-03-23,AAPL
245.14,246.6,223.98,,246.6,2020-03-24,AAPL
257.9,258.0,244.35,,257.82,2020-03-25,AAPL
257.93,258.525,245.56,,257.95,2020-03-26,AAPL
257.95,257.95,247.3,,257.95,2020-03-27,AAPL
247.81,247.81,247.81,,247.81,2020-03-28,AAPL
255.07,255.44,249.4,,254.54,2020-03-30,AAPL
262.06,262.48,252.01,,261.915,2020-03-31,AAPL
253.98,253.98,239.21,,253.98,2020-04-01,AAPL
244.37,245.0,237.05,,244.87,2020-04-02,AAPL
245.25,245.7,238.98,,245.46,2020-04-03,AAPL
241.43,241.43,241.43,,241.43,2020-04-04,AAPL
262.04,263.07,249.42,,262.44,2020-04-06,AAPL
271.015,271.69,259.0,,269.33,2020-04-07,AAPL
266.95,267.28,259.385,,266.29,2020-04-08,AAPL
269.89,269.975,264.775,,269.75,2020-04-09,AAPL
267.88,267.88,267.88,,267.88,2020-04-10,AAPL
267.88,267.88,267.88,,267.88,2020-04-11,AAPL
273.48,273.48,265.85,,273.44,2020-04-13,AAPL
288.0,288.03,273.175,,287.89,2020-04-14,AAPL
286.97,286.97,280.66,,286.97,2020-04-15,AAPL
287.68,288.18,282.37,,287.72,2020-04-16,AAPL
286.53,286.905,277.0,,286.53,2020-04-17,AAPL
282.84,282.84,282.84,,282.84,2020-04-18,AAPL
281.58,281.62,276.89,,281.605,2020-04-20,AAPL
276.89,277.18,265.48,,276.89,2020-04-21,AAPL
277.695,277.695,268.5,,277.42,2020-04-22,AAPL
281.39,281.69,275.0,,281.13,2020-04-23,AAPL
282.95,283.0,275.04,,282.95,2020-04-24,AAPL
282.95,282.95,282.95,,282.95,2020-04-25,AAPL
284.37,284.5,279.975,,284.06,2020-04-27,AAPL
285.56,285.725,278.21,,284.905,2020-04-28,AAPL
289.13,289.67,278.815,,288.86,2020-04-29,AAPL
293.27,294.48,287.74,,293.39,2020-04-30,AAPL
298.13,299.0,285.86,,298.2,2020-05-01,AAPL
289.14,289.14,289.14,,289.14,2020-05-02,AAPL
293.11,293.63,286.82,,293.54,2020-05-04,AAPL
300.94,300.96,293.54,,300.96,2020-05-05,AAPL
302.99,303.23,297.57,,302.89,2020-05-06,AAPL
304.99,305.095,300.61,,304.6,2020-05-07,AAPL
310.21,310.23,303.725,,310.06,2020-05-08,AAPL
310.06,310.06,310.06,,310.06,2020-05-09,AAPL
316.935,316.97,307.3,,316.82,2020-05-11,AAPL
319.47,319.66,310.95,,319.37,2020-05-12,AAPL
315.87,315.94,303.33,,315.34,2020-05-13,AAPL
308.97,309.79,301.64,,309.75,2020-05-14,AAPL
309.75,309.75,300.23,,309.75,2020-05-15,AAPL
307.82,307.82,307.82,,307.82,2020-05-16,AAPL
316.115,316.335,310.39,,316.09,2020-05-18,AAPL
318.205,318.48,313.14,,317.98,2020-05-19,AAPL
319.465,319.495,313.2,,319.495,2020-05-20,AAPL
320.67,320.845,315.9,,320.505,2020-05-21,AAPL
318.55,319.135,315.495,,318.7,2020-05-22,AAPL
318.7,318.7,318.7,,318.7,2020-05-23,AAPL
318.7,318.7,318.7,,318.7,2020-05-25,AAPL
323.61,324.18,316.54,,322.09,2020-05-26,AAPL
318.195,318.575,313.255,,318.14,2020-05-27,AAPL
323.195,323.42,315.665,,323.1,2020-05-28,AAPL
321.06,321.14,316.52,318.885,320.6,2020-05-29,AAPL
318.99,318.99,318.99,317.94,318.99,2020-05-30,AAPL
322.335,322.335,316.89,322.1,322.24,2020-06-01,AAPL
322.715,323.43,318.99,321.85,323.39,2020-06-02,AAPL
326.0,326.0,322.345,,325.85,2020-06-03,AAPL
325.535,325.58,320.81,324.65,325.58,2020-06-04,AAPL
331.49,331.7,322.32,331.34,331.48,2020-06-05,AAPL
331.48,331.48,331.48,331.5,331.48,2020-06-06,AAPL
333.15,333.545,327.39,333.18,333.52,2020-06-08,AAPL
332.03,345.485,327.32,345.41,333.46,2020-06-09,AAPL
332.14,345.61,332.01,343.99,333.46,2020-06-10,AAPL
350.9,350.95,335.67,,350.86,2020-06-11,AAPL
347.505,347.67,334.48,,347.39,2020-06-12,AAPL
338.85,338.85,338.85,,338.85,2020-06-13,AAPL
344.7,344.78,332.655,344.78,344.78,2020-06-15,AAPL
352.94,353.075,332.58,352.73,352.965,2020-06-16,AAPL
355.15,355.32,351.44,355.17,352.31,2020-06-17,AAPL
355.15,355.4,349.25,353.29,352.08,2020-06-18,AAPL
356.53,356.55,345.46,356.06,351.73,2020-06-19,AAPL
354.635,356.56,345.15,349.72,351.73,2020-06-20,AAPL
351.295,359.15,351.295,359.025,349.72,2020-06-22,AAPL
364.015,372.3,351.15,372.21,358.87,2020-06-23,AAPL
365.05,372.38,358.61,367.405,366.53,2020-06-24,AAPL
365.0,368.79,357.98,364.6,366.53,2020-06-25,AAPL
364.41,365.0,354.55,364.84,364.84,2020-06-26,AAPL
364.41,365.32,353.02,353.63,364.84,2020-06-27,AAPL
352.96,362.05,351.3,361.93,353.63,2020-06-29,AAPL
360.06,365.84,351.28,365.72,361.78,2020-06-30,AAPL
365.08,367.355,360.0,367.3,364.8,2020-07-01,AAPL
367.845,370.47,363.91,369.76,364.8,2020-07-02,AAPL
367.85,370.47,363.64,364.11,364.11,2020-07-03,AAPL
370.02,375.75,369.9,375.39,364.11,2020-07-06,AAPL
375.735,378.595,369.87,378.39,373.85,2020-07-07,AAPL
376.62,380.81,372.23,380.78,373.85,2020-07-08,AAPL
385.055,385.11,376.36,384.995,381.37,2020-07-09,AAPL
385.05,393.91,378.69,383.71,382.73,2020-07-10,AAPL
381.34,383.92,378.82,383.68,383.01,2020-07-11,AAPL
389.14,399.74,381.28,399.6,383.68,2020-07-13,AAPL
389.06,399.82,375.61,388.44,383.68,2020-07-14,AAPL
395.16,396.88,375.51,396.08,388.23,2020-07-15,AAPL
395.96,396.99,383.74,390.9,390.9,2020-07-16,AAPL
387.51,389.62,383.49,387.5,390.9,2020-07-17,AAPL
387.95,388.59,383.36,385.31,386.09,2020-07-18,AAPL
385.67,393.79,384.35,393.67,385.31,2020-07-20,AAPL
396.575,396.575,384.25,396.575,393.43,2020-07-21,AAPL
396.69,397.0,386.46,391.76,393.43,2020-07-22,AAPL
388.045,391.9,368.17,389.09,389.09,2020-07-23,AAPL
387.9935,388.31,357.23,371.415,389.09,2020-07-24,AAPL
363.95,371.88,356.58,370.46,371.38,2020-07-25,AAPL
374.875,379.51,373.935,379.51,370.46,2020-07-27,AAPL
377.45,379.62,373.23,379.24,379.24,2020-07-28,AAPL
377.47,380.835,372.99,380.49,379.24,2020-07-29,AAPL
376.83,402.71,374.85,402.71,380.16,2020-07-30,AAPL
413.0,424.99,375.07,424.65,384.76,2020-07-31,AAPL
411.535,425.66,403.3,425.04,384.76,2020-08-01,AAPL
431.86,446.41,431.75,443.5,425.04,2020-08-03,AAPL
435.22,446.5457,431.57,441.89,435.75,2020-08-04,AAPL
437.585,443.16,433.55,441.285,438.66,2020-08-05,AAPL
441.66,457.56,435.59,457.18,440.25,2020-08-06,AAPL
452.84,457.65,439.19,455.61,455.61,2020-08-07,AAPL
449.74,455.065,440.0,454.585,444.45,2020-08-10,AAPL
450.4,455.1,436.49,450.91,450.91,2020-08-11,AAPL
447.875,453.04,436.4267,452.96,450.91,2020-08-12,AAPL
457.79,464.14,441.19,463.78,452.04,2020-08-13,AAPL
459.105,464.17,452.2,460.04,460.04,2020-08-14,AAPL
459.315,460.0,452.18,459.63,460.04,2020-08-15,AAPL
464.27,464.28,455.91,462.095,459.63,2020-08-17,AAPL
464.25,464.35,455.8501,463.915,459.63,2020-08-18,AAPL
463.92,468.585,456.03,468.21,462.25,2020-08-19,AAPL
463.933,472.98,462.44,472.98,462.83,2020-08-20,AAPL
479.0,499.4,462.9335,498.87,473.1,2020-08-21,AAPL
477.05,499.472,477.0,497.48,473.1,2020-08-22,AAPL
514.8,515.13,495.8,515.13,497.48,2020-08-24,AAPL
514.79,515.14,492.395,503.43,503.43,2020-08-25,AAPL
504.61,507.93,492.21,507.43,503.43,2020-08-26,AAPL
509.05,509.88,495.42,508.825,506.09,2020-08-27,AAPL
508.57,509.94,495.33,504.89,506.09,2020-08-28,AAPL
125.28,131.0,125.07,130.92,499.23,2020-08-31,AAPL
132.19,134.78,130.56,134.675,129.04,2020-09-01,AAPL
137.84,138.42,127.0,137.55,134.18,2020-09-02,AAPL
137.59,137.98,120.18,131.4,134.18,2020-09-03,AAPL
118.24,123.68,110.92,122.435,120.88,2020-09-04,AAPL
120.07,123.7,110.89,120.96,120.88,2020-09-05,AAPL
114.36,118.94,112.28,118.365,120.96,2020-09-08,AAPL
115.87,119.12,115.405,118.97,112.82,2020-09-09,AAPL
119.37,120.51,115.21,120.49,117.32,2020-09-10,AAPL
120.36,120.5,110.04,114.73,117.32,2020-09-11,AAPL
114.57,115.23,110.0,112.0,113.49,2020-09-12,AAPL
114.06,115.9,112.82,115.73,112.0,2020-09-14,AAPL
118.0,118.79,113.65,118.67,115.355,2020-09-15,AAPL
118.33,118.829,112.02,115.54,115.54,2020-09-16,AAPL
109.82,112.18,108.7,111.98,112.13,2020-09-17,AAPL
110.53,111.25,106.1,110.385,110.34,2020-09-18,AAPL
104.03,110.62,103.34,110.37,106.84,2020-09-21,AAPL
111.32,112.85,109.2,112.61,110.08,2020-09-22,AAPL
112.68,112.86,106.8,111.9,111.81,2020-09-23,AAPL
105.66,110.165,105.0,110.12,107.12,2020-09-24,AAPL
108.68,112.44,105.0,112.29,108.22,2020-09-25,AAPL
108.43,112.44,107.67,112.28,108.22,2020-09-26,AAPL
115.42,115.42,112.79,115.2,112.28,2020-09-28,AAPL
115.01,115.32,112.78,115.2,114.96,2020-09-29,AAPL
114.55,117.23,113.09,117.165,114.96,2020-09-30,AAPL
117.83,117.83,113.62,117.61,115.81,2020-10-01,AAPL
117.64,117.72,112.24,116.79,116.79,2020-10-02,AAPL
112.89,115.37,112.22,113.02,116.79,2020-10-03,AAPL
114.01,116.615,113.57,116.44,113.02,2020-10-05,AAPL
115.82,116.65,112.285,116.5,116.5,2020-10-06,AAPL
114.48,115.48,114.135,115.42,113.16,2020-10-07,AAPL
116.41,116.41,114.13,116.24,115.08,2020-10-08,AAPL
116.25,117.48,114.5901,117.48,115.08,2020-10-09,AAPL
115.28,117.0,114.92,116.97,114.97,2020-10-10,AAPL
120.93,125.18,119.31,125.14,116.97,2020-10-12,AAPL
126.09,126.46,119.7,125.76,124.4,2020-10-13,AAPL
121.38,123.015,119.625,122.86,121.1,2020-10-14,AAPL
118.56,121.2,118.18,121.13,121.19,2020-10-15,AAPL
121.64,121.73,118.15,121.64,121.19,2020-10-16,AAPL
121.28,121.548,118.81,119.02,120.71,2020-10-17,AAPL
120.16,120.42,115.66,120.2,120.33,2020-10-19,AAPL
119.96,120.419,115.65,118.9,119.02,2020-10-20,AAPL
118.505,118.98,115.63,118.53,118.165,2020-10-21,AAPL
117.94,118.01,114.6,117.94,117.505,2020-10-22,AAPL
117.45,118.04,114.27,116.36,116.87,2020-10-23,AAPL
116.39,116.55,114.28,115.04,115.75,2020-10-24,AAPL
116.0,116.55,112.88,116.35,116.015,2020-10-26,AAPL
117.11,117.275,112.88,117.125,117.165,2020-10-27,AAPL
116.6,116.6,111.94,115.02,116.6,2020-10-28,AAPL
116.6,116.92,109.34,116.92,116.6,2020-10-29,AAPL
110.72,111.98,107.75,111.05,115.32,2020-10-30,AAPL
111.06,111.99,107.72,108.86,115.32,2020-10-31,AAPL
109.52,110.67,107.33,110.31,108.86,2020-11-02,AAPL
109.22,111.455,107.32,111.45,108.86,2020-11-03,AAPL
114.76,115.57,108.73,115.45,110.44,2020-11-04,AAPL
118.16,119.59,112.35,119.585,114.95,2020-11-05,AAPL
117.95,119.62,116.135,119.115,119.03,2020-11-06,AAPL
118.32,119.2,116.13,118.69,118.82476723159,2020-11-07,AAPL
120.42,121.98,116.61,121.82,118.69,2020-11-09,AAPL
120.5,121.99,114.145,117.48,118.69,2020-11-10,AAPL
117.37,119.54,114.13,119.505,116.32,2020-11-11,AAPL
119.51,120.52,116.44,120.45,119.49,2020-11-12,AAPL
119.74,120.53,117.9,119.74,119.49,2020-11-13,AAPL
119.44,119.6717,117.87,119.26,119.21,2020-11-14,AAPL
119.08,120.98,118.155,120.815,119.26,2020-11-16,AAPL
119.64,120.99,118.146,120.56,120.3,2020-11-17,AAPL
119.55,120.6741,118.16,119.725,120.3,2020-11-18,AAPL
118.61,119.82,116.81,118.935,119.39,2020-11-19,AAPL
118.85,119.06,116.81,118.78,118.64,2020-11-20,AAPL
118.64,118.77,117.29,117.34,118.64,2020-11-21,AAPL
117.62,117.62,113.75,117.62,117.34,2020-11-23,AAPL
117.18,117.6202,112.595,115.71,117.34,2020-11-24,AAPL
115.23,116.75,112.59,116.63,115.17,2020-11-25,AAPL
115.55,116.75,115.17,116.03,115.17,2020-11-26,AAPL
116.71,117.485,116.22,117.37,116.03,2020-11-27,AAPL
116.57,117.49,116.22,116.59,116.03,2020-11-28,AAPL
117.04,120.98,116.69,120.845,116.59,2020-11-30,AAPL
121.34,123.475,116.81,123.27,119.05,2020-12-01,AAPL
122.09,123.4693,120.01,123.315,122.72,2020-12-02,AAPL
123.58,123.78,120.89,123.62,123.08,2020-12-03,AAPL
123.52,123.78,121.52,123.0,123.08,2020-12-04,AAPL
122.6,122.8608,121.52,122.25,122.94,2020-12-05,AAPL
122.23,124.57,122.21,124.455,122.25,2020-12-07,AAPL
123.45,124.985,122.25,124.965,123.75,2020-12-08,AAPL
124.78,125.95,121.0,125.89,124.38,2020-12-09,AAPL
124.53,125.95,120.02,123.765,124.38,2020-12-10,AAPL
122.46,123.87,120.15,123.24,123.24,2020-12-11,AAPL
122.43,122.76,120.55,122.41,123.24,2020-12-12,AAPL
123.21,123.335,121.72,123.21,122.41,2020-12-14,AAPL
123.92,127.86,123.7,127.71,121.78,2020-12-15,AAPL
127.74,128.365,124.13,128.295,127.88,2020-12-16,AAPL
128.48,129.56,126.56,129.46,127.88,2020-12-17,AAPL
128.9,129.58,126.125,128.7,128.7,2020-12-18,AAPL
128.96,129.1,126.12,126.655,128.7,2020-12-19,AAPL
124.58,127.835,123.45,127.725,126.655,2020-12-21,AAPL
131.96,134.395,123.449,134.27,128.23,2020-12-22,AAPL
132.16,134.405,129.65,132.5,131.88,2020-12-23,AAPL
132.16,133.46,130.78,133.32,131.88,2020-12-24,AAPL
131.32,133.46,131.1,131.97,130.96,2020-12-25,AAPL
133.64,137.335,133.53,137.29,131.97,2020-12-28,AAPL
138.11,138.78,133.51,138.45,136.69,2020-12-29,AAPL
138.05,138.789,133.39,135.85,136.69,2020-12-30,AAPL
135.58,135.99,131.72,134.51,134.87,2020-12-31,AAPL
134.08,134.74,131.72,132.69,133.72,2021-01-01,AAPL
133.92,134.06,126.76,134.02,132.69,2021-01-04,AAPL
133.52,133.6116,126.76,131.495,132.69,2021-01-05,AAPL
128.89,131.74,126.48,131.01,131.01,2021-01-06,AAPL
128.29,131.625,126.382,131.38,131.01,2021-01-07,AAPL
132.35,132.62,127.86,132.44,130.92,2021-01-08,AAPL
132.43,132.63,130.23,132.05,130.92,2021-01-09,AAPL
130.62,130.7,128.5,130.68,132.05,2021-01-11,AAPL
129.61,130.17,126.875,129.49,132.05,2021-01-12,AAPL
128.89,131.445,126.86,131.4,128.98,2021-01-13,AAPL
130.64,131.45,128.49,130.89,130.89,2021-01-14,AAPL
130.8,131.0,127.0,129.97,130.89,2021-01-15,AAPL
128.78,130.2242,127.0,127.14,128.91,2021-01-16,AAPL
128.32,128.69,126.94,128.62,127.14,2021-01-19,AAPL
128.68,132.49,126.938,132.45,127.83,2021-01-20,AAPL
134.02,137.335,128.55,137.115,132.03,2021-01-21,AAPL
135.9,139.85,133.59,139.84,136.87,2021-01-22,AAPL
136.28,139.85,135.02,139.07,136.87,2021-01-23,AAPL
142.8,145.075,136.8,144.96,139.07,2021-01-25,AAPL
143.26,145.09,136.54,143.83,142.92,2021-01-26,AAPL
143.6,144.3,140.43,144.015,143.16,2021-01-27,AAPL
143.43,144.3,137.0,142.06,143.16,2021-01-28,AAPL
139.52,141.99,130.225,137.09,142.06,2021-01-29,AAPL
135.83,136.74,130.21,131.96,137.09,2021-01-30,AAPL
133.88,135.38,130.96,135.37,131.96,2021-02-01,AAPL
135.74,136.36,130.93,136.22,134.14,2021-02-02,AAPL
135.73,136.31,133.635,135.63,134.99,2021-02-03,AAPL
136.3,137.15,133.61,137.145,134.99,2021-02-04,AAPL
138.04,138.04,134.59,138.04,137.39,2021-02-05,AAPL
137.35,137.42,135.86,136.76,137.18436388859,2021-02-06,AAPL
136.23,136.9,134.93,136.87,136.76,2021-02-08,AAPL
136.44,137.87,134.92,137.825,136.91,2021-02-09,AAPL
136.62,137.877,134.42,136.65,136.91,2021-02-10,AAPL
136.48,136.99,133.775,136.07,136.01,2021-02-11,AAPL
135.9,136.39,133.7,135.305,135.39,2021-02-12,AAPL
134.35,135.53,133.6921,135.37,135.13,2021-02-13,AAPL
135.9,136.0,132.82,135.88,135.37,2021-02-16,AAPL
135.49,136.01,129.475,133.19,135.37,2021-02-17,AAPL
131.25,132.22,127.435,130.84,133.19,2021-02-18,AAPL
130.64,130.71,127.41,130.62,130.84,2021-02-19,AAPL
130.24,130.71,128.8,129.87,129.71,2021-02-20,AAPL
128.51,129.71,125.6,128.51,129.87,2021-02-22,AAPL
127.76,127.805,118.39,126.41,126.0,2021-02-23,AAPL
127.14,127.3,122.23,127.24,125.86,2021-02-24,AAPL
125.48,126.45,120.53,124.92,125.35,2021-02-25,AAPL
124.71,124.84,120.53,124.58,120.99,2021-02-26,AAPL
124.68,124.68,121.78,,,2021-02-27,AAPL
126.54,127.835,122.8,127.765,121.26,2021-03-01,AAPL
128.38,128.71,125.21,128.35,127.79,2021-03-02,AAPL
126.15,126.235,121.855,125.74,125.12,2021-03-03,AAPL
123.15,123.6,118.62,123.03,122.06,2021-03-04,AAPL
120.995,121.67,117.575,121.625,120.13,2021-03-05,AAPL
121.635,121.655,119.685,,,2021-03-06,AAPL
119.59,121.0,116.6,120.98,121.42,2021-03-08,AAPL
121.84,122.04,116.46,122.025,116.36,2021-03-09,AAPL
122.025,122.17,119.455,122.04,121.085,2021-03-10,AAPL
122.84,123.19,119.83,,,2021-03-11,AAPL
122.165,122.205,119.165,,,2021-03-12,AAPL
121.125,121.165,120.465,,,2021-03-13,AAPL
123.87,124.09,120.425,124.01,121.03,2021-03-15,AAPL
126.625,127.22,120.42,127.04,123.99,2021-03-16,AAPL
125.8,127.22,122.335,125.57,125.57,2021-03-17,AAPL
124.05,125.8599,120.325,124.76,125.57,2021-03-18,AAPL
122.88,123.18,119.675,121.1,124.76,2021-03-19,AAPL
119.9,121.43,119.675,119.99,120.53,2021-03-20,AAPL
123.795,123.865,120.22,123.8,119.99,2021-03-22,AAPL
123.545,124.23,122.14,124.065,123.39,2021-03-23,AAPL
123.33,124.24,120.06,122.97,123.39,2021-03-24,AAPL
121.125,121.66,118.6,121.61,120.09,2021-03-25,AAPL
120.845,121.66,118.92,120.87,120.59,2021-03-26,AAPL
120.35,121.48,118.92,121.21,120.59,2021-03-27,AAPL
122.36,122.58,120.79,122.37,121.21,2021-03-29,AAPL
121.04,121.04,118.94,,,2021-03-30,AAPL
123.455,123.5,119.87,,,2021-03-31,AAPL
123.4,124.175,122.15,123.94,122.15,2021-04-01,AAPL
122.15,122.15,122.15,,,2021-04-02,AAPL
126.125,126.165,123.065,126.135,123.0,2021-04-05,AAPL
126.945,127.125,125.65,127.01,125.9,2021-04-06,AAPL
127.76,127.8,125.14,127.785,126.21,2021-04-07,AAPL
130.32,130.385,127.91,130.31,127.9,2021-04-08,AAPL
132.95,133.0,129.33,132.96,130.36,2021-04-09,AAPL
132.97,132.97,132.97,,,2021-04-10,AAPL
132.67,132.84,130.635,132.68,132.995,2021-04-12,AAPL
134.59,134.64,130.915,134.59,131.24,2021-04-13,AAPL
134.96,135.06,131.66,134.98,134.43,2021-04-14,AAPL
134.915,134.99,132.145,134.95,132.03,2021-04-15,AAPL
134.88,134.9,133.28,134.66,134.5,2021-04-16,AAPL
134.15,134.15,134.15,,,2021-04-17,AAPL
134.75,135.47,133.34,135.25,134.16,2021-04-19,AAPL
134.89,135.53,131.82,135.22,134.84,2021-04-20,AAPL
133.655,133.745,131.31,133.69,133.11,2021-04-21,AAPL
134.06,134.15,131.42,134.11,133.5,2021-04-22,AAPL
135.055,135.12,131.98,135.06,131.94,2021-04-23,AAPL
134.295,134.295,134.295,,,2021-04-24,AAPL
135.02,135.06,133.56,135.035,134.32,2021-04-26,AAPL
135.38,135.72,134.12,135.44,134.72,2021-04-27,AAPL
134.665,139.48,133.09,137.88,134.39,2021-04-28,AAPL
137.0,137.45,132.46,137.43,133.58,2021-04-29,AAPL
133.31,133.57,131.07,133.5,133.48,2021-04-30,AAPL
131.44,131.44,131.44,,,2021-05-01,AAPL
133.73,134.065,131.83,133.97,131.46,2021-05-03,AAPL
132.49,132.49,126.7,131.035,132.54,2021-05-04,AAPL
130.22,130.44,127.96,130.23,127.85,2021-05-05,AAPL
129.55,129.625,127.14,129.57,128.1,2021-05-06,AAPL
131.13,131.94,129.475,131.48,129.74,2021-05-07,AAPL
130.21,130.21,130.21,,,2021-05-08,AAPL
129.82,129.99,126.82,129.92,130.21,2021-05-10,AAPL
126.855,126.855,122.86,126.2,126.85,2021-05-11,AAPL
125.8,125.8,122.25,124.32,125.91,2021-05-12,AAPL
125.7,126.145,122.8,126.05,122.77,2021-05-13,AAPL
127.815,127.88,124.95,127.7,124.97,2021-05-14,AAPL
127.41,127.41,127.41,,,2021-05-15,AAPL
126.92,127.16,125.165,127.14,127.45,2021-05-17,AAPL
127.06,127.06,124.97,126.81,126.27,2021-05-18,AAPL
124.81,124.915,122.87,124.74,124.85,2021-05-19,AAPL
127.705,127.715,124.68,127.65,124.69,2021-05-20,AAPL
127.89,128.14,125.355,128.06,127.31,2021-05-21,AAPL
125.37,125.37,125.37,,,2021-05-22,AAPL
127.895,127.935,125.94,127.87,125.43,2021-05-24,AAPL
127.85,128.315,126.32,127.885,127.1,2021-05-25,AAPL
127.32,127.45,126.425,127.17,126.9,2021-05-26,AAPL
127.425,127.64,125.36,127.49,126.85,2021-05-27,AAPL
125.71,125.79,124.565,125.61,125.28,2021-05-28,AAPL
124.65,124.65,124.65,,,2021-05-29,AAPL
125.16,125.35,123.94,125.18,124.61,2021-06-01,AAPL
125.07,125.235,124.045,125.15,124.28,2021-06-02,AAPL
125.08,125.08,123.13,124.67,125.06,2021-06-03,AAPL
126.14,126.155,123.55,126.14,123.54,2021-06-04,AAPL
125.87,125.87,125.87,,,2021-06-05,AAPL
126.14,126.45,124.84,126.28,125.89,2021-06-07,AAPL
127.425,128.46,125.9,128.03,125.9,2021-06-08,AAPL
127.26,127.74,126.52,127.305,126.74,2021-06-09,AAPL
128.095,128.18,125.945,128.13,127.13,2021-06-10,AAPL
127.435,127.44,126.08,127.41,126.11,2021-06-11,AAPL
127.355,127.355,127.355,,,2021-06-12,AAPL
130.44,130.495,127.07,130.435,127.35,2021-06-14,AAPL
130.32,130.595,129.39,130.52,130.48,2021-06-15,AAPL
130.7,130.89,128.48,130.76,129.64,2021-06-16,AAPL
132.235,132.55,129.24,132.51,130.15,2021-06-17,AAPL
131.75,131.75,130.29,131.355,131.79,2021-06-18,AAPL
130.41,130.41,130.41,,,2021-06-19,AAPL
132.375,132.405,129.215,132.38,130.46,2021-06-21,AAPL
134.07,134.075,131.62,134.075,132.3,2021-06-22,AAPL
134.22,134.315,133.23,134.3,133.98,2021-06-23,AAPL
134.5,134.66,132.93,134.61,133.7,2021-06-24,AAPL
133.825,133.89,132.805,133.85,133.41,2021-06-25,AAPL
133.155,133.155,133.155,,,2021-06-26,AAPL
135.205,135.245,133.13,135.22,133.11,2021-06-28,AAPL
136.485,136.49,134.36,136.485,134.78,2021-06-29,AAPL
137.36,137.405,135.88,137.365,136.33,2021-06-30,AAPL
137.06,137.07,137.06,,,2021-07-01,AAPL
